epoch,loss_total,pde_comp,pde_lat,dirichlet_comp,dirichlet_lat,data_u_comp,data_u_lat,data_sigma_comp,data_sigma_lat,hooke_comp,hooke_lat,physics_weight,w_0,w_1,w_2,w_3,w_4,w_5,w_6,w_7,w_8,w_9,w_10,w_11,epoch_time_s
1301,-0.26289929111538146,0.1711398920742795,0.09191928681684658,3.209574094853451e-05,2.0685495613292915e-05,0.004495277193420335,0.0026816079659225294,0.45773482954062805,0.48297637072277516,0.37643284373916686,0.33916008239611983,1.0,1.2363783121109009,1.4014328718185425,1.4002999067306519,1.2158362865447998,0.9913520812988281,1.4442487955093384,1.2507364749908447,1.4014277458190918,1.4030386209487915,1.205501675605774,1.143509864807129,1.3894740343093872,0.0
1302,-0.4110870689829563,0.09374231059337035,0.06941251980606467,3.3714663160822056e-05,2.0593927857248673e-05,0.004530446878037601,0.002625165805914567,0.4483696037622074,0.48364951565642084,0.3681265111081302,0.34221847145818174,1.0,1.2367790937423706,1.4018720388412476,1.4007320404052734,1.2161449193954468,0.9914104342460632,1.4447541236877441,1.2511729001998901,1.4018669128417969,1.4034733772277832,1.2058018445968628,1.14376962184906,1.389992117881775,9.755618810653687
1303,-0.18861836475459787,0.14993763726670295,0.1922862504143268,3.188644048179867e-05,2.116112554517713e-05,0.009454919340792461,0.002775262211322214,0.48464851568127937,0.4880587670050185,0.35219078278169036,0.34273929498158395,1.0,1.2371629476547241,1.402293086051941,1.4011465311050415,1.2164409160614014,0.9914666414260864,1.4452402591705322,1.251587152481079,1.4022879600524902,1.4038904905319214,1.2060894966125488,1.144020676612854,1.3904887437820435,9.638396501541138
1304,-0.20669092944743284,0.24133362178690732,0.08882608718704432,3.6282898562944865e-05,2.2122627754583846e-05,0.011564194406646452,0.0028176894133654907,0.4979831743357365,0.4948072445003894,0.3460770614910871,0.34328853571787477,1.0,1.2375541925430298,1.40273118019104,1.4015792608261108,1.2167489528656006,0.9915257096290588,1.4457507133483887,1.2520173788070679,1.402726173400879,1.40432608127594,1.206389307975769,1.144286036491394,1.391005039215088,9.10359525680542
1305,-0.3074680115667675,0.12810436519794166,0.11436532787047327,6.158166127079312e-05,2.271190643909904e-05,0.01791234514300493,0.0039131889183565945,0.4663812215458297,0.49437927717166574,0.36978881736285985,0.3440249408595264,1.0,1.2379590272903442,1.4031825065612793,1.4020256996154785,1.2170658111572266,0.9915874004364014,1.4462755918502808,1.2524577379226685,1.4031773805618286,1.4047762155532837,1.2066982984542847,1.1445623636245728,1.3915361166000366,9.851380109786987
1306,-0.12228225633351436,0.2227741548558697,0.1793948314152658,5.974086062110473e-05,2.213743569257076e-05,0.015913224925857807,0.0034024075254295576,0.46624335595679217,0.5095327393140875,0.3620121160056442,0.338327846955508,1.0,1.2383465766906738,1.4036176204681396,1.4024566411972046,1.2173713445663452,0.9916473627090454,1.4467819929122925,1.2528786659240723,1.403612494468689,1.405211091041565,1.2069963216781616,1.1448296308517456,1.3920485973358154,10.478567123413086
1307,-0.11048347244674203,0.28183381992857903,0.1349733853712678,9.33275980230519e-05,2.0964329507933144e-05,0.024317540671368557,0.002962104011218864,0.4860436243051179,0.4997742970229496,0.347107958747074,0.34101286018267274,1.0,1.238728642463684,1.4040554761886597,1.402890920639038,1.2176783084869385,0.991707980632782,1.4472944736480713,1.253299355506897,1.4040504693984985,1.4056501388549805,1.2072962522506714,1.1451002359390259,1.392564058303833,10.056758165359497
1308,-0.25588299434391254,0.1259758456144482,0.14953347644768655,6.549043388304199e-05,2.0646327030249267e-05,0.04545855152153731,0.003237397259344039,0.4979608055662617,0.49984430730731005,0.3454309976659715,0.3437673954758793,1.0,1.2391178607940674,1.4044984579086304,1.4033311605453491,1.2179876565933228,0.9917696118354797,1.4478161334991455,1.2537214756011963,1.4044934511184692,1.4060958623886108,1.2076001167297363,1.1453757286071777,1.393085241317749,9.94402265548706
1309,-0.12886342088619313,0.18905120680574328,0.19123960565775633,5.687444820523524e-05,2.2357770134817656e-05,0.03101908099605692,0.0037901769513544077,0.4890807748446963,0.5082119655685242,0.36450402857735753,0.3460133927874267,1.0,1.2394919395446777,1.4049252271652222,1.403756022453308,1.218285322189331,0.9918290376663208,1.4483181238174438,1.2541247606277466,1.4049201011657715,1.4065263271331787,1.2078927755355835,1.1456416845321655,1.3935868740081787,10.028602600097656
1310,-0.11999035077263183,0.2662056661210954,0.1048256428912282,7.762166293900918e-05,1.989811114810891e-05,0.05943931714080881,0.003976534486327476,0.5005908338283147,0.5136752582840719,0.3547587525099516,0.33722333470359445,1.0,1.2398715019226074,1.4053672552108765,1.4041975736618042,1.2185916900634766,0.9918909072875977,1.4488391876220703,1.254542589187622,1.4053622484207153,1.406973958015442,1.2081962823867798,1.1459174156188965,1.3941067457199097,9.513266324996948
1311,0.5444705600190569,0.11725084763020277,0.30670816800557077,0.00045742795788328294,2.0423372546929386e-05,0.48031423683241176,0.0034583876769430483,0.6033430911251165,0.5189428735802317,0.3271562741138041,0.345423077698797,1.0,1.2402307987213135,1.4057838916778564,1.4046140909194946,1.2188732624053955,0.9919486045837402,1.4493324756622314,1.2549313306808472,1.4057788848876953,1.4073964357376099,1.208482265472412,1.1461772918701172,1.3945965766906738,9.318283557891846
1312,0.3656829511037861,0.2418369532097131,0.22788496315479279,0.00014277224514103182,2.0507546594217274e-05,0.2767305917003272,0.003892828630434475,0.6169841095938047,0.5206163265108331,0.3242594967596233,0.34935929207131267,1.0,1.2405730485916138,1.406183123588562,1.4050135612487793,1.2191381454467773,0.9920032620429993,1.4498083591461182,1.2553002834320068,1.4061782360076904,1.4078021049499512,1.208756446838379,1.1464260816574097,1.395065426826477,9.7739737033844
1313,0.3700945499243483,0.28458504215814173,0.23426394374109805,0.0006715587228427466,2.0587469833799332e-05,0.3240682921298701,0.004727248276050118,0.5029867650778425,0.504960999057345,0.3482022937387228,0.3425408962648362,1.0,1.2408978939056396,1.4065660238265991,1.4053969383239746,1.2193869352340698,0.9920557737350464,1.4502651691436768,1.255650520324707,1.406561017036438,1.4081916809082031,1.2090193033218384,1.146665096282959,1.3955148458480835,9.918859004974365
1314,0.5890015681006293,0.40601037070155144,0.2224912594538182,0.0003906651832608077,2.1325819361095455e-05,0.26429280342556294,0.006480003900506016,0.5728263883126976,0.539009709115463,0.3850617576390505,0.3365745295304805,1.0,1.2412028312683105,1.406933307647705,1.405765175819397,1.2196217775344849,0.9921056628227234,1.4507012367248535,1.255983829498291,1.406928539276123,1.4085662364959717,1.2092714309692383,1.1468935012817383,1.3959465026855469,9.089205503463745
1315,-0.22248506663815554,0.18131931801326573,0.1506154383532703,8.084408580089075e-05,2.1305282459138652e-05,0.033723054714778045,0.004840574702332366,0.47918089746989745,0.5158465620006409,0.3563515869900584,0.33749590953812003,1.0,1.2415090799331665,1.4073011875152588,1.4061341285705566,1.2198586463928223,0.9921561479568481,1.451137900352478,1.2563166618347168,1.4072962999343872,1.4089423418045044,1.2095240354537964,1.1471222639083862,1.3963788747787476,9.830834865570068
1316,0.024905604091389637,0.1448802067898214,0.11199173494242132,0.00020566404782584868,2.2839032581600804e-05,0.1976516051316716,0.005528016180145276,0.6284125724983167,0.538211782731093,0.3209181318525225,0.351291311904788,1.0,1.2418203353881836,1.407671570777893,1.4065062999725342,1.2200933694839478,0.9922058582305908,1.4515825510025024,1.2566531896591187,1.407666802406311,1.4093217849731445,1.2097784280776978,1.1473511457443237,1.3968130350112915,9.953328609466553
1317,0.14442207526765144,0.19597560411784798,0.20597895071841776,0.0003158116984991466,2.199717619078001e-05,0.22887925526952047,0.0033143981666210907,0.598273765070412,0.5060842540318152,0.3228967117611319,0.3407791377976537,1.0,1.2421220541000366,1.4080307483673096,1.4068678617477417,1.2203179597854614,0.9922534823417664,1.4520165920257568,1.2569772005081177,1.4080259799957275,1.409690260887146,1.2100253105163574,1.1475738286972046,1.3972339630126953,9.185616254806519
1318,-0.021063085500977158,0.2636496619088575,0.11816689441911876,0.00021411920494074366,2.300456276316254e-05,0.1217011300835246,0.006233947288766986,0.5320538083701685,0.5370965378842532,0.3451438413467258,0.33337021013721824,1.0,1.242424488067627,1.4083956480026245,1.4072359800338745,1.2205456495285034,0.992301881313324,1.4524582624435425,1.2573074102401733,1.408390998840332,1.4100656509399414,1.2102761268615723,1.1477986574172974,1.39766263961792,9.739799499511719
1319,0.40341382635134554,0.21394464559853077,0.31355432723648846,0.0003290734869096923,2.1623985574592552e-05,0.34743278970054026,0.0034284730215278524,0.4943793322601599,0.5094284046038755,0.35167195135727525,0.3419709843583405,1.0,1.2427124977111816,1.4087436199188232,1.4075871706008911,1.2207585573196411,0.9923482537269592,1.4528790712356567,1.2576175928115845,1.4087390899658203,1.4104238748550415,1.2105151414871216,1.1480132341384888,1.3980711698532104,9.888141632080078
1320,0.728237446879299,0.20926956390030682,0.3069440955296159,0.0004466794724180545,2.3915933667240097e-05,0.5376215472473667,0.00990785368902679,0.49437057332788475,0.5700693819840524,0.358151329215616,0.34851739765144885,1.0,1.2429883480072021,1.4090770483016968,1.4079235792160034,1.2209552526474,0.992392897605896,1.4532818794250488,1.2579104900360107,1.4090723991394043,1.4107670783996582,1.2107441425323486,1.1482172012329102,1.3984620571136475,9.439626455307007
1321,-0.18975660796539048,0.2055415459908545,0.12359283911064267,7.115554285519465e-05,2.2934931308782325e-05,0.03435285262519513,0.006200196843012334,0.5010156740281847,0.5139622437077329,0.36052231350913644,0.3435574497561902,1.0,1.2432785034179688,1.4094280004501343,1.4082775115966797,1.2211673259735107,0.9924403429031372,1.4537038803100586,1.258220911026001,1.409423589706421,1.411129117012024,1.2109854221343994,1.1484328508377075,1.398872971534729,9.600024223327637
1322,0.3506696282846863,0.16825628897640854,0.1350978488335386,0.000706953957035239,2.186571366280532e-05,0.44534024604427075,0.015756927139886228,0.5060811198573557,0.6100819250184796,0.35222294204868376,0.3259397801011801,1.0,1.2435673475265503,1.4097753763198853,1.4086281061172485,1.221368670463562,0.9924874901771545,1.4541215896606445,1.2585291862487793,1.4097710847854614,1.4114879369735718,1.2112239599227905,1.1486414670944214,1.3992811441421509,9.789642810821533
1323,-0.09475944313347139,0.2445044395281002,0.16499799338635057,9.692093834701154e-05,2.0319410964475537e-05,0.01681885067866209,0.007221490685642231,0.506245509575922,0.5593445782565843,0.3561706857290119,0.3341413454618305,1.0,1.2438619136810303,1.4101333618164062,1.408989667892456,1.2215815782546997,0.9925363063812256,1.4545509815216064,1.2588456869125366,1.4101289510726929,1.4118579626083374,1.2114697694778442,1.1488540172576904,1.3997020721435547,9.807523012161255
1324,0.11617696274041031,0.18096310656983405,0.12151629739673808,0.00036251305709811277,2.708640653281691e-05,0.27074123070220496,0.019063881471090206,0.5033183331451794,0.5813923027374421,0.33657397725619376,0.3489159415476024,1.0,1.2441561222076416,1.4104893207550049,1.4093496799468994,1.2217895984649658,0.9925851225852966,1.4549798965454102,1.2591619491577148,1.4104851484298706,1.4122260808944702,1.2117141485214233,1.1490626335144043,1.400119662284851,9.240763187408447
1325,-0.09521242575982652,0.23501126328483224,0.17438895616214722,4.4573224073474194e-05,2.4183222024021234e-05,0.023051620992999275,0.013079132961973917,0.5162581160346889,0.5406643651808599,0.3511536098085344,0.3369330344721675,1.0,1.2444546222686768,1.4108526706695557,1.4097174406051636,1.222006916999817,0.9926349520683289,1.4554173946380615,1.2594832181930542,1.410848617553711,1.4126023054122925,1.2119632959365845,1.149275302886963,1.4005458354949951,9.91926383972168
1326,0.00944274206690657,0.18646065995562822,0.13214871927630156,0.00026087303808708384,2.594091294838563e-05,0.15335503676975115,0.017495878871400184,0.5065972606468238,0.5986496946690607,0.368257008260116,0.32336544897407293,1.0,1.2447454929351807,1.4112058877944946,1.4100751876831055,1.2222177982330322,0.9926835298538208,1.455841064453125,1.259796142578125,1.4112019538879395,1.4129681587219238,1.212205410003662,1.1494795083999634,1.4009616374969482,9.863091230392456
1327,0.10917801545765235,0.23210586118511856,0.20430891355499625,0.00021021995655701176,2.9314726489815257e-05,0.06777362560613744,0.04394213749957355,0.49025454166362453,0.6301784153649448,0.3719165937509388,0.3220899978186935,1.0,1.2450416088104248,1.4115673303604126,1.4104413986206055,1.2224363088607788,0.9927336573600769,1.4562712907791138,1.2601134777069092,1.411563515663147,1.4133429527282715,1.2124520540237427,1.149681806564331,1.4013887643814087,9.042862892150879
1328,-0.06594606637229734,0.19135193713009357,0.19166166288778186,7.640181948431746e-05,2.512244799390828e-05,0.0895241847792896,0.007915227393562858,0.4904083572443412,0.5586068731000694,0.3445978849194944,0.33870567847043276,1.0,1.24532949924469,1.4119181632995605,1.4107967615127563,1.222649335861206,0.992782473564148,1.456689715385437,1.2604200839996338,1.4119144678115845,1.4137070178985596,1.2126916646957397,1.149877905845642,1.4018032550811768,9.804672718048096
1329,0.45182876506197156,0.22399777825921774,0.2295406109187752,0.000168166168236894,4.421558287504013e-05,0.20216613889990698,0.060758989839335246,0.5209294232989811,0.7293930121708788,0.33531491132453084,0.34924602694809437,1.0,1.2456110715866089,1.4122620820999146,1.4111450910568237,1.2228561639785767,0.992830216884613,1.4571014642715454,1.2607178688049316,1.4122583866119385,1.4140636920928955,1.2129251956939697,1.1500613689422607,1.4022079706192017,9.79500436782837
1330,-0.2389919581671823,0.16170905181206763,0.1831867202417925,5.812543932393055e-05,2.3840445123823883e-05,0.01143319432755588,0.017860360800453213,0.5065863451720785,0.5330647024223305,0.34755582199431956,0.326316473307088,1.0,1.245895266532898,1.4126064777374268,1.4114941358566284,1.2230671644210815,0.9928781986236572,1.4575144052505493,1.2610154151916504,1.4126029014587402,1.4144212007522583,1.213159203529358,1.15024733543396,1.4026144742965698,9.273865699768066
1331,0.079991137183243,0.18353836983442307,0.12496683665085584,0.0002220531386001312,2.333956773270529e-05,0.17188651476698863,0.014106793328663098,0.5094738993599618,0.6806160930336341,0.3626837474294007,0.3189459554851055,1.0,1.2461745738983154,1.412943959236145,1.4118365049362183,1.2232729196548462,0.992925226688385,1.4579178094863892,1.2613084316253662,1.4129403829574585,1.4147720336914062,1.2133886814117432,1.1504240036010742,1.4030143022537231,9.613758087158203
1332,0.08968001254646628,0.2022958197630942,0.19123907072935253,0.00010701186266715013,2.972705541992582e-05,0.045311266927651465,0.03455873574966509,0.5067709097056191,0.6749958293034086,0.3795487559400499,0.3305059566628188,1.0,1.2464581727981567,1.4132866859436035,1.4121843576431274,1.2234843969345093,0.9929730296134949,1.4583234786987305,1.2616046667099,1.4132829904556274,1.4151285886764526,1.2136211395263672,1.1505964994430542,1.403420329093933,9.83563756942749
1333,-0.29172895306889635,0.149998762877658,0.13612889114301652,0.00013471794562747164,2.3332514729190734e-05,0.057601990845186475,0.007888372539125476,0.49757317976977683,0.5087707994934234,0.3458809012081474,0.3389628434088081,1.0,1.2467620372772217,1.413649320602417,1.4125525951385498,1.2237111330032349,0.9930240511894226,1.458754301071167,1.2619203329086304,1.4136457443237305,1.4155062437057495,1.2138679027557373,1.1507865190505981,1.4038488864898682,9.493895769119263
1334,-0.08466709435410237,0.1281365257455036,0.21937282453291118,4.362690035009109e-05,2.9477878484840403e-05,0.024212292045649432,0.015336400517203247,0.508324913515858,0.6251986184403948,0.34106133319437504,0.35796391032636166,1.0,1.247071385383606,1.414014220237732,1.4129230976104736,1.2239422798156738,0.9930753707885742,1.4591892957687378,1.2622349262237549,1.414010763168335,1.4158859252929688,1.2141162157058716,1.1509743928909302,1.4042770862579346,9.402133464813232
1335,-0.2473333267675108,0.17737585701979697,0.1756048968527466,9.399958281619547e-05,3.119639384863149e-05,0.02546202916014501,0.009684322772607145,0.5026022169915682,0.5172392076865627,0.35674763144925237,0.3268303524237126,1.0,1.247383713722229,1.4143821001052856,1.4132970571517944,1.2241778373718262,0.9931272864341736,1.4596269130706787,1.2625517845153809,1.4143786430358887,1.4162691831588745,1.2143670320510864,1.1511679887771606,1.404709815979004,9.944517374038696
1336,-0.23961896599678287,0.17086341441608965,0.12317891558632255,8.105249858658681e-05,2.5961644496419467e-05,0.026654678390157605,0.009628991590810513,0.49241561210513396,0.5875390367195228,0.3706183929461986,0.3213710878044367,1.0,1.247689962387085,1.414742112159729,1.4136631488800049,1.224410057067871,0.9931781888008118,1.4600534439086914,1.2628637552261353,1.4147387742996216,1.41664457321167,1.214612603187561,1.151356816291809,1.4051345586776733,9.816102981567383
1337,-0.16732438442698344,0.14136175927706063,0.21708032360766083,8.044765903036932e-05,2.416074062239204e-05,0.021321079219305976,0.01239214416722813,0.485219615629553,0.5966556711326872,0.3614689407404512,0.32352786092087626,1.0,1.2480086088180542,1.4151134490966797,1.4140405654907227,1.2246522903442383,0.9932311177253723,1.4604917764663696,1.2631819248199463,1.4151099920272827,1.4170321226119995,1.214866280555725,1.1515498161315918,1.4055737257003784,9.101526021957397
1338,-0.38542279116392664,0.14084345777519047,0.1233716857386753,4.719384656937109e-05,3.0686968216286914e-05,0.01513952270717529,0.006727555173500136,0.5194797002388984,0.5131003380667158,0.3326740472111851,0.33705409266985953,1.0,1.2483211755752563,1.415475845336914,1.4144090414047241,1.2248903512954712,0.993282675743103,1.4609217643737793,1.263494610786438,1.4154725074768066,1.4174106121063232,1.2151141166687012,1.1517412662506104,1.4060020446777344,9.881865501403809
1339,-0.10126312542062672,0.15382119244895875,0.21469194116070867,4.9933021244896736e-05,3.633764725918809e-05,0.04260540326211607,0.01155242096666511,0.5220473284343906,0.5952588361482332,0.3312063436023891,0.34996904083527625,1.0,1.2486376762390137,1.4158415794372559,1.4147809743881226,1.225131630897522,0.9933345317840576,1.461358666419983,1.2638075351715088,1.4158382415771484,1.417792558670044,1.2153642177581787,1.151932954788208,1.4064319133758545,9.825432062149048
1340,-0.3909156544473839,0.12867493531666696,0.12211123737506568,4.211427608424856e-05,2.6235100335725292e-05,0.008399923629962747,0.006021248859128809,0.4927842581890555,0.5413788327929249,0.3485481208190322,0.3338611186482012,1.0,1.248974084854126,1.4162263870239258,1.4151723384857178,1.2253886461257935,0.9933894276618958,1.461817979812622,1.2641406059265137,1.4162230491638184,1.4181945323944092,1.2156281471252441,1.1521379947662354,1.4068840742111206,9.206583023071289
1341,-0.23398585599447647,0.14316980261355639,0.17606758780311793,8.81034065116637e-05,2.3577117275408455e-05,0.03757756263350802,0.01175998899115965,0.49487665390035596,0.5521722274825663,0.368486380437389,0.3245619982481003,1.0,1.2493218183517456,1.416622281074524,1.4155751466751099,1.2256543636322021,0.9934462308883667,1.462287425994873,1.2644827365875244,1.416619062423706,1.4186079502105713,1.2158998250961304,1.152350664138794,1.4073503017425537,9.767554521560669
1342,-0.32301333500486046,0.10964860301464796,0.189864024752751,5.338265407317522e-05,2.4187491618476997e-05,0.00977104217715041,0.015449976214075902,0.5082530845399796,0.5371485983829299,0.3393629046622664,0.3375827220734209,1.0,1.249672293663025,1.417017936706543,1.4159778356552124,1.225921630859375,0.9935030341148376,1.462758183479309,1.2648234367370605,1.4170148372650146,1.4190216064453125,1.2161715030670166,1.1525654792785645,1.40781569480896,9.839965105056763
1343,-0.39198809454358424,0.11834111518692225,0.13768873619847,5.292974020676411e-05,2.425165267538887e-05,0.025098770856296564,0.005268454487407162,0.5151529302460836,0.5171786586421552,0.33157484559342265,0.3430703922640532,1.0,1.2500298023223877,1.4174190759658813,1.4163860082626343,1.2261937856674194,0.9935605525970459,1.463238000869751,1.265170693397522,1.4174158573150635,1.4194409847259521,1.216447353363037,1.1527869701385498,1.4082857370376587,9.416787385940552
1344,-0.3764329088047439,0.12827675638254732,0.13838854606729,6.568550256247363e-05,3.1285662032587425e-05,0.01582584562264214,0.01878828747441493,0.48173652043499793,0.5377526010198843,0.34425168344751,0.33419982297345996,1.0,1.2503924369812012,1.4178242683410645,1.4167981147766113,1.2264701128005981,0.993618905544281,1.4637229442596436,1.265523076057434,1.4178210496902466,1.419864535331726,1.2167258262634277,1.1530125141143799,1.4087600708007812,9.555772542953491
1345,-0.40132230831153654,0.12766557524446398,0.12079940887633711,8.233218554209998e-05,2.7579879358086146e-05,0.018564093273447782,0.009730769714005513,0.4901213866629435,0.5240291128300573,0.35923277074471116,0.3295046463608742,1.0,1.2507517337799072,1.4182242155075073,1.4172050952911377,1.2267439365386963,0.9936767816543579,1.4642003774642944,1.2658729553222656,1.418221116065979,1.4202828407287598,1.2170008420944214,1.1532373428344727,1.409229040145874,9.831708669662476
1346,-0.4744394071161353,0.10970357665792108,0.1165805944474414,7.134329177915788e-05,2.810283127985258e-05,0.016442464822279176,0.005908560415389172,0.48597352666257254,0.5310225696192197,0.33806097577326,0.32503624353557825,1.0,1.2511290311813354,1.418641209602356,1.4176291227340698,1.227030873298645,0.9937374591827393,1.4646995067596436,1.2662410736083984,1.418637990951538,1.4207189083099365,1.2172882556915283,1.1534740924835205,1.409718632698059,9.631890773773193
1347,-0.5004372544574011,0.10219899890944362,0.11507171427365392,3.795070999501604e-05,2.5568098564576758e-05,0.009667694269098956,0.014806435916141588,0.4919314240935569,0.5117711360405144,0.33110145991668105,0.3362178159877658,1.0,1.251510500907898,1.4190599918365479,1.4180552959442139,1.2273204326629639,0.9937986135482788,1.4652034044265747,1.2666128873825073,1.4190568923950195,1.4211570024490356,1.2175768613815308,1.1537151336669922,1.4102098941802979,9.22746992111206
1348,-0.4385047881986645,0.12701099994592369,0.12859307415783405,4.9310245600509006e-05,2.687891509367546e-05,0.01950651952436795,0.007119366313896349,0.48541134126477575,0.5070255871615277,0.3460950560402125,0.3374412793200463,1.0,1.251884937286377,1.4194706678390503,1.4184733629226685,1.227604866027832,0.9938587546348572,1.465696930885315,1.2669785022735596,1.419467568397522,1.4215866327285767,1.217860221862793,1.1539537906646729,1.4106909036636353,9.771839380264282
1349,-0.5097503615659065,0.10507802851498127,0.10895831894595176,4.671694577496055e-05,3.059664118154615e-05,0.011361015501038102,0.005779005098385116,0.4830751582015768,0.5045253103288946,0.35166680719703436,0.33055709139443934,1.0,1.2522807121276855,1.4199016094207764,1.4189120531082153,1.227905035018921,0.9939222931861877,1.466213345527649,1.2673654556274414,1.4198987483978271,1.4220374822616577,1.2181581258773804,1.154208779335022,1.4111953973770142,9.762275218963623
1350,-0.48445866190205045,0.12597349821589887,0.10605845355894417,6.750254588894222e-05,2.8024771467016762e-05,0.015437703126177241,0.005849583582595242,0.4973323210524468,0.5244421604184446,0.33685158914886415,0.31870838440954685,1.0,1.2526718378067017,1.4203274250030518,1.4193453788757324,1.2282021045684814,0.993985116481781,1.4667242765426636,1.2677494287490845,1.420324444770813,1.4224828481674194,1.21845281124115,1.1544617414474487,1.4116953611373901,39.73912787437439
1351,-0.41481215489887835,0.14424376923125237,0.1309023731155321,8.257999837724128e-05,2.93834811486704e-05,0.024244973883000304,0.005123789406301247,0.49750065802989013,0.525963938039727,0.33932706341147423,0.3205002273898572,1.0,1.2530561685562134,1.4207463264465332,1.4197715520858765,1.2284947633743286,0.9940469861030579,1.467227578163147,1.26812744140625,1.4207433462142944,1.4229209423065186,1.2187427282333374,1.154711127281189,1.412187933921814,9.069951057434082
1352,-0.5525474462457469,0.09636155707994476,0.09835391386877745,3.947891367772627e-05,2.824605753914966e-05,0.006904142606302691,0.005205379081754352,0.4796187843794551,0.508530447135185,0.35175506118685007,0.3255068538710475,1.0,1.2534619569778442,1.4211853742599487,1.4202182292938232,1.2288031578063965,0.9941121935844421,1.4677531719207764,1.2685270309448242,1.4211825132369995,1.4233800172805786,1.2190474271774292,1.1549758911132812,1.4127047061920166,9.882402658462524
1353,-0.4579602625122636,0.11183724401053041,0.14946777583099902,5.2719185276828284e-05,2.2320593075164652e-05,0.01735426244443554,0.0034356096538672065,0.4827002701688786,0.5087142163974278,0.3414539669174701,0.33881103573367,1.0,1.2538601160049438,1.4216153621673584,1.420655608177185,1.2291054725646973,0.9941763877868652,1.4682680368423462,1.2689175605773926,1.4216125011444092,1.4238297939300537,1.2193459272384644,1.1552367210388184,1.4132095575332642,9.891954183578491
1354,-0.44677069910919154,0.11584608163684607,0.159946758300066,4.8892823258483986e-05,2.692566803830232e-05,0.015937343340664066,0.006830302191083215,0.500858334211658,0.5077584325768079,0.3307560926768929,0.33314431505277753,1.0,1.2542903423309326,1.4220792055130005,1.4211279153823853,1.2294325828552246,0.9942455887794495,1.4688260555267334,1.2693358659744263,1.4220763444900513,1.4243146181106567,1.2196686267852783,1.1555215120315552,1.4137523174285889,9.328159093856812
1355,-0.297394791694368,0.2195266445633024,0.15796761715319008,5.863891874469118e-05,2.529666478778836e-05,0.023027710510149596,0.004505722556276246,0.4752918216802221,0.537815278937906,0.35390185681171715,0.3140062417369336,1.0,1.2547012567520142,1.422526240348816,1.421582818031311,1.229748010635376,0.994312584400177,1.469362735748291,1.2697383165359497,1.4225233793258667,1.4247816801071167,1.2199798822402954,1.1557952165603638,1.4142768383026123,9.611703872680664
1356,0.07579618872998593,0.2643286648672074,0.32402505818754435,9.257564025233478e-05,3.091996055104573e-05,0.05726045185585559,0.010522790678648758,0.4771561591773461,0.5978967470663125,0.3510691225528717,0.30607891781255603,1.0,1.2551016807556152,1.4229698181152344,1.422034502029419,1.23006010055542,0.9943792819976807,1.4698940515518188,1.270127296447754,1.4229670763015747,1.4252451658248901,1.2202887535095215,1.1560618877410889,1.4147998094558716,9.8395254611969
1357,-0.3925260533674857,0.18526895414106548,0.13056902179960161,3.5390123002798646e-05,2.7195265616342112e-05,0.009000554208157442,0.007433147739464319,0.5099159842959804,0.5495274230371016,0.32221873407252133,0.31246190099045634,1.0,1.2554863691329956,1.4233978986740112,1.422469973564148,1.2303615808486938,0.9944434762001038,1.4704086780548096,1.2705036401748657,1.423395037651062,1.4256924390792847,1.220586895942688,1.1563183069229126,1.4153056144714355,9.45597767829895
1358,-0.17561658990624854,0.22359342582058161,0.18099976074881852,8.22121315025015e-05,3.0861694227724e-05,0.07716966262604899,0.009224488019950336,0.5537001796737652,0.5202619597958489,0.317972170189023,0.3249554883223027,1.0,1.2558648586273193,1.4238238334655762,1.422903299331665,1.2306599617004395,0.9945067167282104,1.470923900604248,1.2708766460418701,1.4238210916519165,1.4261375665664673,1.2208836078643799,1.1565746068954468,1.4158090353012085,9.335492849349976
1359,-0.2093131366076603,0.2678637122735381,0.2055673433933407,4.219778924152706e-05,2.86204444392979e-05,0.01619796478024873,0.005718788140493257,0.4979150078269517,0.527058790446204,0.3281660694628954,0.3253686618991196,1.0,1.256223201751709,1.4242314100265503,1.423317790031433,1.2309455871582031,0.9945672154426575,1.4714175462722778,1.2712318897247314,1.4242284297943115,1.4265631437301636,1.2211675643920898,1.1568199396133423,1.416290283203125,9.867867946624756
1360,-0.2129847079040737,0.2607647804543376,0.17853793688118458,5.147606516686665e-05,3.581629110271933e-05,0.029591874774158304,0.01255651158058372,0.5198558414200997,0.5049450824616826,0.3458180546294898,0.324047498870641,1.0,1.2565639019012451,1.424622654914856,1.4237159490585327,1.231220006942749,0.9946251511573792,1.4718910455703735,1.2715723514556885,1.4246196746826172,1.4269720315933228,1.221440076828003,1.1570568084716797,1.4167523384094238,9.81778883934021
1361,-0.3433885866297236,0.1722945572109893,0.1674344475613907,9.258607457240942e-05,3.7516201160769924e-05,0.05131133532435179,0.016660912386850697,0.49111681135469054,0.5106912410378698,0.34806077065877616,0.3125679320655763,1.0,1.2569093704223633,1.42501962184906,1.424120306968689,1.2314977645874023,0.9946841597557068,1.472369909286499,1.2719175815582275,1.4250167608261108,1.427386999130249,1.2217164039611816,1.1572988033294678,1.4172227382659912,9.040370464324951
1362,-0.4717997517223681,0.16589244117494673,0.11095494613982737,4.152336381935129e-05,2.712217633416003e-05,0.014429753642907663,0.004687571846063294,0.5452082463136266,0.5202354309245106,0.3097988816443831,0.31265492434613407,1.0,1.2572548389434814,1.4254165887832642,1.4245245456695557,1.231776237487793,0.994742751121521,1.4728525876998901,1.2722653150558472,1.425413727760315,1.4278018474578857,1.221993088722229,1.1575413942337036,1.417694330215454,9.848160028457642
1363,-0.4091320908274045,0.15332051285076886,0.1352907301625237,5.851769527964734e-05,3.65404009841086e-05,0.05524317623511547,0.013560486815903827,0.5315778179773608,0.5182174314846373,0.3082639090716839,0.3140562877524644,1.0,1.2576038837432861,1.4258167743682861,1.4249318838119507,1.2320560216903687,0.9948014616966248,1.473343014717102,1.2726173400878906,1.4258137941360474,1.4282197952270508,1.2222720384597778,1.1577868461608887,1.4181703329086304,9.814708232879639
1364,-0.4887214818321209,0.13853228313382715,0.13069650763645768,4.7135735087522335e-05,3.068868265643232e-05,0.022355810245873967,0.013838744600336857,0.4828829100124131,0.5143369199221377,0.3354885389562696,0.31375416461378336,1.0,1.2579747438430786,1.4262391328811646,1.4253616333007812,1.232352375984192,0.9948640465736389,1.4738599061965942,1.2729908227920532,1.4262363910675049,1.4286608695983887,1.2225664854049683,1.1580475568771362,1.4186736345291138,9.1683349609375
1365,-0.3560113795117835,0.23717520432546735,0.12724894133862108,7.651419915077895e-05,3.0452793708946047e-05,0.03985722798731776,0.005012378378486496,0.47304483301558353,0.5115637760668805,0.34614467062056065,0.31815537833608687,1.0,1.2583268880844116,1.4266432523727417,1.425772786140442,1.232635736465454,0.9949241280555725,1.4743531942367554,1.2733489274978638,1.4266403913497925,1.4290827512741089,1.2228482961654663,1.1582974195480347,1.4191551208496094,9.79124116897583
1366,-0.0869621123481708,0.31258909590542316,0.18316749203950167,0.00012522331061859404,7.144599555886089e-05,0.09939025704339269,0.0340935232348283,0.47930723991432106,0.51235769069619,0.34262418700382113,0.31673902086913586,1.0,1.2586628198623657,1.4270349740982056,1.4261714220046997,1.2329087257385254,0.9949826002120972,1.4748305082321167,1.2736948728561401,1.4270321130752563,1.4294918775558472,1.2231210470199585,1.1585403680801392,1.4196223020553589,9.82130742073059
1367,-0.3647204063304738,0.19271379942074418,0.18392368021886796,4.393466765861831e-05,5.64079902147796e-05,0.014626238031502212,0.024735698685244476,0.50837794814483,0.5078351322840652,0.32288047950714827,0.3151884553954005,1.0,1.2589943408966064,1.4274227619171143,1.4265658855438232,1.2331798076629639,0.9950403571128845,1.4753042459487915,1.2740355730056763,1.427419900894165,1.4298968315124512,1.2233905792236328,1.15878164768219,1.420084834098816,9.358351230621338
1368,-0.5243022518092487,0.1536403117934242,0.12717413331847638,5.419483083812793e-05,2.3996020445338218e-05,0.029740252264325605,0.0035295755802279183,0.4984505647879313,0.5030486402763609,0.3166612524073571,0.3105524240527302,1.0,1.2593239545822144,1.4278067350387573,1.4269565343856812,1.2334485054016113,0.9950976967811584,1.4757752418518066,1.27437424659729,1.427803874015808,1.4302978515625,1.2236577272415161,1.1590219736099243,1.4205434322357178,9.518120765686035
1369,-0.3699336679035437,0.20711144781671464,0.13216548669151962,6.992011014972377e-05,4.1880572624108936e-05,0.058705109672475546,0.015727260559123737,0.49533550781879077,0.5109816497216867,0.326853244099766,0.3161386549472809,1.0,1.2596527338027954,1.4281916618347168,1.4273483753204346,1.2337170839309692,0.9951552152633667,1.4762481451034546,1.2747150659561157,1.4281889200210571,1.4306999444961548,1.2239257097244263,1.1592634916305542,1.4210034608840942,9.988301515579224
1370,-0.5439029620295194,0.13551739894319326,0.12823810114059597,3.5764368590207596e-05,4.627528970502226e-05,0.005990192263981007,0.01640327584304902,0.483161154215841,0.5099940290167556,0.32634565071202815,0.31694617634639144,1.0,1.259987711906433,1.4285808801651,1.4277442693710327,1.2339898347854614,0.9952138066291809,1.4767266511917114,1.2750608921051025,1.4285781383514404,1.4311062097549438,1.2241965532302856,1.159508466720581,1.4214684963226318,9.708889484405518
1371,-0.48087033644383254,0.17003165546339005,0.13357615866698325,9.42314338487904e-05,2.6060173624387062e-05,0.03259403548595077,0.0036807684276597284,0.4919421911605835,0.5141590740541323,0.3237002722453326,0.307650288566947,1.0,1.2603187561035156,1.428965449333191,1.4281353950500488,1.2342596054077148,0.9952716827392578,1.4772000312805176,1.2754031419754028,1.4289627075195312,1.4315077066421509,1.2244645357131958,1.1597508192062378,1.4219285249710083,9.163538217544556
1372,-0.48021394704764353,0.17565283679869026,0.11641814757604152,9.286541772723922e-05,2.9748870161938612e-05,0.03969874568684909,0.010396019543147585,0.4810407819887256,0.5157028005040927,0.3286110912449658,0.3099705015774816,1.0,1.2606621980667114,1.4293644428253174,1.4285410642623901,1.234539270401001,0.9953320622444153,1.4776910543441772,1.2757604122161865,1.4293617010116577,1.4319239854812622,1.2247430086135864,1.160002589225769,1.422406554222107,9.876960277557373
1373,-0.4637373716343531,0.22894117468968034,0.13163262454327196,3.6863716189827755e-05,2.7982487935673817e-05,0.008948043405153547,0.005808527939990055,0.4848349483056436,0.4988291169206605,0.3182708809617907,0.31857165531255305,1.0,1.260988473892212,1.4297454357147217,1.4289284944534302,1.2348068952560425,0.9953898787498474,1.4781607389450073,1.27610182762146,1.429742693901062,1.4323214292526245,1.2250088453292847,1.1602435111999512,1.4228627681732178,10.185882091522217
1374,-0.14737996361643133,0.3472497616894543,0.16966228291857988,8.482955279021098e-05,3.0131566731483872e-05,0.08047885343176438,0.004658872711145654,0.5092379046364167,0.5125054842377824,0.316452770261094,0.31641776976175606,1.0,1.2612961530685425,1.4301109313964844,1.429300308227539,1.235062599182129,0.9954452514648438,1.4786120653152466,1.276428461074829,1.4301080703735352,1.4327027797698975,1.225264072418213,1.1604748964309692,1.4233002662658691,9.883649110794067
1375,-0.36086588470418246,0.19236060651019216,0.18412776198238134,8.368940758884946e-05,3.087280359181932e-05,0.0727341116142477,0.0055175330518217845,0.49809170003174136,0.5094269625833202,0.31158399931155145,0.3120785322971642,1.0,1.2616064548492432,1.4304797649383545,1.429675579071045,1.2353194952011108,0.9955011010169983,1.4790698289871216,1.276755928993225,1.4304769039154053,1.4330874681472778,1.2255218029022217,1.160709023475647,1.4237419366836548,10.393844842910767
1376,-0.5268486533236296,0.2079944487195462,0.09692096273647621,3.910510295668246e-05,2.77753903503708e-05,0.008577867251617414,0.005240395337219288,0.5148140776179245,0.5105832646292587,0.30868894467130303,0.3077365178614855,1.0,1.2619061470031738,1.4308366775512695,1.4300388097763062,1.235568881034851,0.9955549836158752,1.4795141220092773,1.2770745754241943,1.4308338165283203,1.433459758758545,1.2257715463638306,1.1609357595443726,1.4241700172424316,9.825539350509644
1377,-0.42262412508168395,0.17889967968221754,0.1473457027459517,0.00011431277584961208,2.7866210018601123e-05,0.05782862686728413,0.004916947735387051,0.5125491514406231,0.5260464259636908,0.3141460148617625,0.3028872914146632,1.0,1.2622082233428955,1.431195855140686,1.4304043054580688,1.2358192205429077,0.9956091642379761,1.4799624681472778,1.2773951292037964,1.431193232536316,1.4338343143463135,1.2260230779647827,1.161163091659546,1.4246020317077637,9.659375667572021
1378,-0.2999684272104368,0.2718690310139209,0.15476669988129288,0.00010332646044730609,3.510151879027035e-05,0.06299458920973118,0.00507702881661206,0.4827577248907904,0.5106281558039534,0.33171840221621096,0.3082006024196744,1.0,1.2624967098236084,1.4315420389175415,1.4307564496994019,1.2360600233078003,0.9956614971160889,1.480393886566162,1.2777035236358643,1.4315392971038818,1.4341952800750732,1.226265549659729,1.1613824367523193,1.4250184297561646,9.370064496994019
1379,-0.4183201489541027,0.2512466472107917,0.13131822168361396,5.208128250444588e-05,4.0261590712020734e-05,0.01785872120029786,0.008049807244412796,0.4825896620985393,0.5092118940760588,0.319896922679618,0.31554902624338865,1.0,1.262773871421814,1.4318767786026,1.4310967922210693,1.2362934350967407,0.995712161064148,1.4808112382888794,1.278002381324768,1.4318740367889404,1.4345440864562988,1.226500153541565,1.1615948677062988,1.425420880317688,9.734666109085083
1380,-0.5895531570946597,0.11632727715186775,0.14735318813472986,3.00094693130859e-05,3.2255631026600895e-05,0.011073747890392484,0.008016140610735967,0.4881276902280458,0.5135490660396823,0.30704036238603294,0.31603754218667746,1.0,1.2630709409713745,1.4322288036346436,1.4314546585083008,1.2365401983261108,0.9957656264305115,1.481252670288086,1.2783163785934448,1.4322260618209839,1.4349108934402466,1.226746916770935,1.1618183851242065,1.4258432388305664,10.848968744277954
1381,-0.556552737323085,0.19270788715220988,0.10422414320055395,3.363150544544169e-05,2.4274578237282185e-05,0.022866956726588266,0.004816265999393636,0.505186269247552,0.5081882225088017,0.3033591511193663,0.3008974161930382,1.0,1.2633600234985352,1.4325714111328125,1.4318031072616577,1.2367807626724243,0.9958177208900452,1.4816838502883911,1.2786232233047485,1.4325686693191528,1.4352675676345825,1.2269872426986694,1.1620362997055054,1.426255226135254,10.417332887649536
1382,-0.51330893960866,0.1569826778722927,0.14795883488841355,3.5220251191958596e-05,4.729324186314443e-05,0.02005937142978137,0.012731061941644035,0.5165818113271164,0.5275573639831289,0.30469619878567755,0.29699136270210147,1.0,1.2636547088623047,1.4329190254211426,1.4321564435958862,1.237025499343872,0.9958702921867371,1.4821230173110962,1.278934359550476,1.432916283607483,1.4356297254562378,1.2272311449050903,1.1622564792633057,1.4266749620437622,10.82763123512268
1383,-0.4861897576820711,0.18747427128255367,0.18612761329859495,4.247980483285119e-05,2.812951109376627e-05,0.006097854622963283,0.005010769245562495,0.4751083831656654,0.5035971402393774,0.322938698111102,0.3060147538781166,1.0,1.2639390230178833,1.433254361152649,1.4324973821640015,1.2372621297836304,0.99592125415802,1.4825462102890015,1.2792332172393799,1.4332515001296997,1.435978889465332,1.2274664640426636,1.162469506263733,1.4270797967910767,10.060601234436035
1384,-0.3774899418282326,0.2505557485856116,0.14539723051711917,5.99205048672502e-05,2.6682384941523196e-05,0.025774504445748025,0.0060021753828756,0.4840929810515075,0.5108621719540722,0.3411361144389957,0.31525608245283365,1.0,1.264211654663086,1.433578610420227,1.4328269958496094,1.2374910116195679,0.9959705471992493,1.4829537868499756,1.279522180557251,1.4335758686065674,1.436316728591919,1.2276941537857056,1.1626754999160767,1.4274711608886719,10.233328104019165
1385,-0.5419742562732601,0.12987645238172263,0.1519109521759674,5.187215111845944e-05,3.838760142116371e-05,0.0222115505395299,0.009927131907429837,0.47406524466202704,0.507881431878704,0.33346947538666427,0.31870372663252056,1.0,1.264491081237793,1.433907151222229,1.4331611394882202,1.237723469734192,0.9960208535194397,1.4833648204803467,1.2798144817352295,1.4339045286178589,1.4366588592529297,1.2279248237609863,1.1628847122192383,1.4278664588928223,9.158327102661133
1386,-0.5803731338504992,0.21265094075351954,0.08693844696972519,4.2017787961867725e-05,2.829820229521829e-05,0.010620166078880517,0.003774886633448888,0.49716475660705917,0.504380187446196,0.3132339713629335,0.3048394722864032,1.0,1.2647627592086792,1.4342280626296997,1.4334874153137207,1.2379506826400757,0.9960699081420898,1.483766794204712,1.280102014541626,1.43422532081604,1.43699312210083,1.2281502485275269,1.1630895137786865,1.428252935409546,10.134628057479858
1387,-0.5548413659688483,0.15341593383345753,0.12181238550692797,4.5888784171665975e-05,2.2223320868874907e-05,0.023766610764452772,0.005091264581805351,0.5217152387852526,0.534016667055004,0.30817190278321505,0.29684706684201956,1.0,1.2650370597839355,1.4345505237579346,1.4338154792785645,1.238179326057434,0.99611896276474,1.4841716289520264,1.2803919315338135,1.434547781944275,1.437328815460205,1.228376865386963,1.1632939577102661,1.4286423921585083,10.992997407913208
1388,-0.5952950965295244,0.17314833821728826,0.09761964902281761,3.8274442673014164e-05,2.192486873298094e-05,0.013264328361422316,0.005458540208917797,0.47982679355783464,0.5258046017954731,0.3235400535631925,0.3000049446709454,1.0,1.2653098106384277,1.434870719909668,1.4341413974761963,1.2384068965911865,0.9961678385734558,1.484573483467102,1.2806813716888428,1.4348679780960083,1.4376623630523682,1.2286020517349243,1.163496494293213,1.429029941558838,10.625227689743042
1389,-0.5171207986351999,0.1974540874361992,0.10149345616810024,5.9826820319131e-05,2.411237244359654e-05,0.0250277686724199,0.004401654596404949,0.48861544536516566,0.5102065128361877,0.33898731623776257,0.3100462530273944,1.0,1.26558256149292,1.4351916313171387,1.4344679117202759,1.2386349439620972,0.9962169528007507,1.4849739074707031,1.2809733152389526,1.4351890087127686,1.437996745109558,1.228827953338623,1.163699984550476,1.4294182062149048,10.014739990234375
1390,-0.6871991288398008,0.10261422384064645,0.10051543946610764,3.758578405665958e-05,2.3014363662809956e-05,0.008073360783774235,0.004331630375762141,0.4725352361431583,0.5070749083244563,0.33273602230474353,0.3130841657985002,1.0,1.2658807039260864,1.4355356693267822,1.4348176717758179,1.2388805150985718,0.9962700605392456,1.4854001998901367,1.2812882661819458,1.4355329275131226,1.438354730606079,1.2290704250335693,1.1639188528060913,1.4298330545425415,9.744613409042358
1391,-0.6281474872269435,0.15739981934893876,0.08104037865996361,5.716160237057011e-05,2.0255596226093076e-05,0.01897062754495838,0.0028678183047965104,0.5182839854313052,0.5082868330209022,0.31214785063639283,0.3093606769107282,1.0,1.2661826610565186,1.4358830451965332,1.4351712465286255,1.2391289472579956,0.9963235259056091,1.4858323335647583,1.2816088199615479,1.4358805418014526,1.4387166500091553,1.2293155193328857,1.1641405820846558,1.4302518367767334,9.779600620269775
1392,-0.5902011801801587,0.17205738462507725,0.10280220030108467,4.629115804277717e-05,2.1893284511520505e-05,0.013932499504198703,0.004177035487952914,0.5167411315461975,0.5171876573868486,0.3143447015900165,0.3020251807756722,1.0,1.266474723815918,1.4362194538116455,1.4355137348175049,1.2393693923950195,0.9963749647140503,1.4862511157989502,1.2819198369979858,1.4362168312072754,1.4390668869018555,1.2295528650283813,1.164354920387268,1.4306576251983643,9.041979789733887
1393,-0.6621067580137523,0.13795490376651287,0.10692615184234455,3.71087553645566e-05,2.837653707388199e-05,0.00834421101061844,0.005329239339543232,0.48757423383762777,0.512650254661063,0.3163618582766503,0.3049560906365514,1.0,1.2667763233184814,1.4365651607513428,1.4358655214309692,1.2396172285079956,0.9964280724525452,1.4866816997528076,1.2822399139404297,1.436562418937683,1.4394266605377197,1.2297968864440918,1.164575219154358,1.431074619293213,9.764802932739258
1394,-0.46575291314488737,0.2756813634186983,0.08333613455761224,4.6656140796130785e-05,3.309152921815439e-05,0.01399536603351634,0.004410948446514242,0.4948836551008006,0.5025088460301245,0.3403086543548852,0.3134948625229299,1.0,1.2670594453811646,1.4368919134140015,1.4361985921859741,1.239851713180542,0.9964783191680908,1.4870879650115967,1.2825435400009155,1.4368892908096313,1.4397670030593872,1.230027675628662,1.1647840738296509,1.4314687252044678,9.72687315940857
1395,-0.32884477909106063,0.3059489957522601,0.1112314042984508,5.6146968319126245e-05,3.431588723401546e-05,0.025408813573902855,0.005932871087157815,0.5006485666118365,0.5205265951985042,0.3492728155106306,0.3167286964599043,1.0,1.2673264741897583,1.4372045993804932,1.4365168809890747,1.2400758266448975,0.996526300907135,1.4874746799468994,1.2828340530395508,1.4372018575668335,1.4400924444198608,1.2302484512329102,1.1649833917617798,1.4318451881408691,9.198336601257324
1396,-0.5253206604850207,0.20972819137386978,0.11406548542436212,4.8030676722987664e-05,2.8392446083103096e-05,0.015533287250982455,0.0053690267577094445,0.4646860626067387,0.5121898189815597,0.33844354283064604,0.3165504902135581,1.0,1.2675855159759521,1.4375087022781372,1.4368267059326172,1.2402939796447754,0.9965732097625732,1.4878495931625366,1.2831165790557861,1.4375059604644775,1.4404089450836182,1.2304631471633911,1.1651774644851685,1.4322108030319214,9.558825969696045
1397,-0.6520951621311358,0.1710894168354571,0.08340559620410204,3.273130812431191e-05,2.157396095014974e-05,0.010469919213517323,0.0032859933465079517,0.49133253682810646,0.5019180860726978,0.3192485107574612,0.3083082800731063,1.0,1.2678388357162476,1.4378058910369873,1.4371291399002075,1.2405073642730713,0.9966191053390503,1.4882161617279053,1.2833938598632812,1.4378031492233276,1.4407182931900024,1.23067307472229,1.1653674840927124,1.4325681924819946,9.84598994255066
1398,-0.5676740416377277,0.2176359344739467,0.08626817329786718,4.425905083849102e-05,2.1365202485412738e-05,0.011210957080562333,0.0036860859367093463,0.5019224439984703,0.5219580258724603,0.3129796830471605,0.30602642660960555,1.0,1.2680835723876953,1.4380943775177002,1.4374228715896606,1.2407149076461792,0.9966635704040527,1.4885729551315308,1.2836639881134033,1.43809175491333,1.44101881980896,1.2308770418167114,1.1655516624450684,1.4329150915145874,9.356147527694702
1399,-0.6486277471553035,0.1619329216191545,0.09868036559782922,4.579852844699417e-05,2.2461256250494444e-05,0.00803309290822877,0.004369400028587159,0.4758392206774668,0.5244029712272233,0.3188090901821852,0.30128894629888237,1.0,1.2683258056640625,1.4383790493011475,1.4377126693725586,1.240919828414917,0.996707558631897,1.4889253377914429,1.283930778503418,1.438376545906067,1.4413154125213623,1.2310782670974731,1.1657328605651855,1.433258056640625,9.399563312530518
1400,-0.5947082013154118,0.19436469743959606,0.08292962668929249,4.359112668339549e-05,2.1088659821089095e-05,0.01305458713719602,0.003721270968054873,0.493993640903442,0.510815606502899,0.3323005335405469,0.30635005538351834,1.0,1.2685633897781372,1.4386588335037231,1.4379972219467163,1.2411212921142578,0.9967507719993591,1.489270567893982,1.284193992614746,1.438656210899353,1.4416065216064453,1.231276035308838,1.1659109592437744,1.433595061302185,0.0
1401,-0.5943225788693212,0.17273464996833354,0.07797042955644429,4.497917090873216e-05,1.9505552316445574e-05,0.010985462897855226,0.0027950278552748404,0.5050092783861932,0.5192286870784419,0.33967152843251824,0.3114000817295164,1.0,1.268799901008606,1.4389369487762451,1.4382802248001099,1.2413218021392822,0.996793806552887,1.489612340927124,1.2844566106796265,1.438934326171875,1.4418962001800537,1.2314729690551758,1.1660878658294678,1.433929681777954,10.033429622650146
1402,-0.6122895307592521,0.1733810167061165,0.09038901969324797,3.3326625128893284e-05,2.0251586292374668e-05,0.0044782169906469604,0.002763354505273685,0.4870050298709237,0.5175017290334688,0.32950868597254157,0.3183329552412033,1.0,1.2690324783325195,1.4392104148864746,1.4385583400726318,1.2415189743041992,0.9968359470367432,1.4899476766586304,1.284715175628662,1.439207673072815,1.4421807527542114,1.2316663265228271,1.1662615537643433,1.4342578649520874,12.25775146484375
1403,-0.6521915898199657,0.15434072352945805,0.08430661907186732,3.547979663665046e-05,2.116408245456114e-05,0.010571899467068905,0.0027847032334469687,0.5028630504007086,0.513843938099806,0.31856365967541933,0.3123306327033788,1.0,1.2692691087722778,1.439487099647522,1.4388397932052612,1.241719126701355,0.9968786239624023,1.4902876615524292,1.2849777936935425,1.4394843578338623,1.4424687623977661,1.231862187385559,1.1664373874664307,1.4345896244049072,10.202880382537842
1404,-0.5801794829488638,0.2361500198021531,0.07125390885630623,3.814593493700613e-05,2.0257024871739304e-05,0.00983608466286511,0.0026441979676583463,0.49862525480007375,0.5072126267560466,0.3207589308731258,0.3091363259591162,1.0,1.2694957256317139,1.4397536516189575,1.4391111135482788,1.2419116497039795,0.9969197511672974,1.4906156063079834,1.285231590270996,1.4397509098052979,1.4427461624145508,1.2320510149002075,1.1666070222854614,1.4349092245101929,10.111112356185913
1405,-0.6235615787986731,0.19150726357474923,0.08249925135169178,3.959230221539656e-05,2.0314679360922128e-05,0.007330347603800217,0.0026836097107097567,0.48222394546393266,0.5238074727943179,0.3264787357766181,0.3017179509624839,1.0,1.2697174549102783,1.4400150775909424,1.4393768310546875,1.2421008348464966,0.9969601035118103,1.4909369945526123,1.2854809761047363,1.4400123357772827,1.4430183172225952,1.2322362661361694,1.1667730808258057,1.43522310256958,9.080327272415161
1406,-0.6186233928837833,0.19172125402837992,0.0803238499793224,3.860449217540918e-05,2.0381522759294057e-05,0.007780889849491687,0.0024852335660531005,0.4824601688790957,0.5113153539695285,0.3368140044622123,0.304034766741097,1.0,1.2699350118637085,1.4402718544006348,1.4396377801895142,1.2422868013381958,0.9969998002052307,1.4912513494491577,1.2857264280319214,1.440269112586975,1.4432854652404785,1.232418179512024,1.1669360399246216,1.4355316162109375,9.85348391532898
1407,-0.6315656153578871,0.19171637948602438,0.07395904918666929,3.804136846952133e-05,2.107693808284239e-05,0.008362245080132856,0.0026389703865983207,0.48633807417645947,0.5086119999879737,0.3317546430043876,0.30422224244102836,1.0,1.2701480388641357,1.4405235052108765,1.439893364906311,1.2424689531326294,0.9970387816429138,1.4915590286254883,1.285967469215393,1.4405207633972168,1.443547248840332,1.232596516609192,1.1670961380004883,1.4358339309692383,10.087108135223389
1408,-0.7381817177325307,0.11299103184137493,0.07446500682272017,3.699596756234769e-05,2.151690875962231e-05,0.007484436946500737,0.003206136329550865,0.47241755213474323,0.5070083139823756,0.3319705866742879,0.31059689121320844,1.0,1.2703725099563599,1.4407848119735718,1.440158486366272,1.2426584959030151,0.9970795512199402,1.4918776750564575,1.2862188816070557,1.440782070159912,1.4438186883926392,1.2327817678451538,1.1672627925872803,1.436147689819336,10.62856411933899
1409,-0.7784196812109709,0.09571801422862336,0.07410012546461076,3.5393813561768184e-05,2.0467957625669442e-05,0.004863065154623078,0.0024789662554992845,0.4790510045969933,0.4989874175908917,0.32692285743542016,0.3097871656063944,1.0,1.2706159353256226,1.4410626888275146,1.4404404163360596,1.2428605556488037,0.9971229434013367,1.4922163486480713,1.286487340927124,1.4410600662231445,1.4441072940826416,1.2329790592193604,1.1674412488937378,1.43648099899292,10.705940008163452
1410,-0.6198525206619717,0.22949701198376715,0.06786363350693136,3.322811804196135e-05,1.9685460145524303e-05,0.00491130981786475,0.0025633152823834565,0.47790325595993827,0.5032461901560988,0.33001073356717825,0.3036618761252612,1.0,1.2708485126495361,1.441330075263977,1.440711498260498,1.2430548667907715,0.9971649050712585,1.492541790008545,1.2867460250854492,1.441327452659607,1.4443849325180054,1.2331687211990356,1.1676130294799805,1.4368016719818115,11.054584503173828
1411,-0.5983450406301333,0.21514363051392138,0.07624197751283646,3.09985700823745e-05,2.003330899924549e-05,0.005618388877043148,0.0036306434536051493,0.47723420691865615,0.5197302742062505,0.33769894880242646,0.30246159713715315,1.0,1.2710732221603394,1.4415900707244873,1.4409749507904053,1.2432440519332886,0.9972056746482849,1.492857575416565,1.28699791431427,1.4415873289108276,1.4446547031402588,1.2333531379699707,1.1677799224853516,1.4371137619018555,10.086387872695923
1412,-0.7096423674388797,0.13882771076168865,0.07754862820729613,3.3994089875477584e-05,1.974214346489589e-05,0.006321023761660072,0.00364896581284229,0.48196946957871195,0.5145073894490612,0.329222840256989,0.3022425938397646,1.0,1.2713027000427246,1.4418537616729736,1.4412422180175781,1.2434360980987549,0.9972471594810486,1.4931777715682983,1.287253737449646,1.4418511390686035,1.4449282884597778,1.233540415763855,1.167948842048645,1.4374308586120605,9.579263925552368
1413,-0.7693831660629065,0.1076185698620975,0.07182209775783122,3.415739567458331e-05,1.9679697928154383e-05,0.00619686731386432,0.002519871184689042,0.47484683471164824,0.5025762496079775,0.32980350218713284,0.3078253821004182,1.0,1.271540880203247,1.4421247243881226,1.441516637802124,1.243633508682251,0.9972898364067078,1.4935060739517212,1.2875171899795532,1.442121982574463,1.4452091455459595,1.23373281955719,1.1681231260299683,1.4377562999725342,9.977983474731445
1414,-0.6247678696664125,0.20001733722165227,0.0742915764276404,3.112419865658467e-05,1.9464314149786333e-05,0.004853482091043249,0.002697713265273816,0.47547229579322575,0.5117203498103393,0.32952227746136487,0.31702996138483286,1.0,1.271771788597107,1.4423884153366089,1.4417836666107178,1.2438257932662964,0.997331440448761,1.4938254356384277,1.287773847579956,1.4423857927322388,1.4454824924468994,1.2339200973510742,1.16829252243042,1.4380724430084229,10.193471670150757
1415,-0.6889748967170247,0.15635148214641958,0.07666824921034276,3.22356764286269e-05,2.008114604734601e-05,0.005337269460812456,0.0028775252664456066,0.480218691765214,0.507743294216093,0.32380635873414576,0.31531219673343003,1.0,1.2720012664794922,1.442650318145752,1.4420487880706787,1.2440167665481567,0.9973728060722351,1.4941431283950806,1.2880289554595947,1.4426476955413818,1.445753812789917,1.234106183052063,1.1684608459472656,1.4383857250213623,9.916065454483032
1416,-0.696424664207964,0.17252780799753964,0.06947295484133065,3.5606448960834314e-05,2.101903866957855e-05,0.005784381471018663,0.0026395716813892908,0.47239405552759933,0.500233150724737,0.33049490163102746,0.30922014522366226,1.0,1.2722264528274536,1.4429079294204712,1.4423092603683472,1.2442046403884888,0.9974136352539062,1.4944549798965454,1.2882802486419678,1.4429051876068115,1.446020483970642,1.2342890501022339,1.1686267852783203,1.4386937618255615,9.483688354492188
1417,-0.6784455080188265,0.17074973217677325,0.06919701088918373,3.492509537750266e-05,2.1478473172464874e-05,0.006080270995732302,0.0026512395376323294,0.4763085592528989,0.5127989898382859,0.3343206604477018,0.30773042631335557,1.0,1.2724484205245972,1.4431618452072144,1.4425662755966187,1.2443901300430298,0.9974538087844849,1.4947620630264282,1.2885284423828125,1.4431591033935547,1.4462834596633911,1.2344696521759033,1.1687904596328735,1.438997507095337,9.789562225341797
1418,-0.749530451757664,0.1257314468966797,0.06769871147116646,3.334547787403608e-05,2.1128419760430006e-05,0.005050411099606225,0.0027460588349607906,0.4701847622480824,0.51023253705106,0.3358652361202985,0.30547576979734004,1.0,1.2726757526397705,1.4434202909469604,1.4428277015686035,1.2445789575576782,0.9974949359893799,1.4950737953186035,1.2887815237045288,1.4434176683425903,1.446550965309143,1.234653353691101,1.1689568758010864,1.4393067359924316,9.95235562324524
1419,-0.8101921910733603,0.09460129903163761,0.0647574091271963,3.0389982882184086e-05,2.089524386406083e-05,0.0040250523300027,0.0023682525839216163,0.47339098316769734,0.49694112192116924,0.3307789536193013,0.3102269936352968,1.0,1.2729170322418213,1.4436908960342407,1.4431010484695435,1.2447766065597534,0.9975380897521973,1.4953994750976562,1.289047122001648,1.443688154220581,1.4468306303024292,1.2348456382751465,1.1691317558288574,1.4396299123764038,10.19117259979248
1420,-0.6423219670791143,0.21483568684197962,0.06728352600475773,3.4387918844913656e-05,2.0660540727135412e-05,0.00429992888575445,0.002518710650413593,0.4777300623672827,0.49908309268384393,0.3305081643629819,0.3145612252410501,1.0,1.2731482982635498,1.443951964378357,1.4433650970458984,1.2449675798416138,0.9975796937942505,1.4957138299942017,1.2893036603927612,1.4439492225646973,1.4471007585525513,1.2350313663482666,1.1693010330200195,1.43994140625,10.86442756652832
1421,-0.6245760263237097,0.20216825581155717,0.08088047051569447,4.414587003509496e-05,2.0834162612004548e-05,0.0062713195443709615,0.0032441089685704663,0.48321393365970644,0.5121200135662236,0.32339740614406765,0.3172196594532579,1.0,1.2733721733093262,1.4442062377929688,1.44362211227417,1.2451536655426025,0.9976202249526978,1.4960201978683472,1.2895532846450806,1.444203495979309,1.4473636150360107,1.2352122068405151,1.1694656610488892,1.4402443170547485,10.959642887115479
1422,-0.7707999204313436,0.1090293878223747,0.07151045481441543,4.175746305179473e-05,2.1008857331139552e-05,0.006710790222018621,0.002858994146111692,0.4738966980224629,0.5019026975183146,0.33240244584158063,0.31282637687399983,1.0,1.273605465888977,1.44446861743927,1.4438872337341309,1.2453455924987793,0.9976621270179749,1.4963359832763672,1.289811134338379,1.4444658756256104,1.4476348161697388,1.2353988885879517,1.1696358919143677,1.4405561685562134,11.103982210159302
1423,-0.8149146809580059,0.09645784855820239,0.06827096530469134,3.5708237277276567e-05,1.97887568731403e-05,0.004814002681377326,0.0026481887976593215,0.4705820956310752,0.502277674513481,0.3322451659478247,0.3030000061262399,1.0,1.2738507986068726,1.4447412490844727,1.4441628456115723,1.2455451488494873,0.9977058172225952,1.4966634511947632,1.2900794744491577,1.444738507270813,1.4479165077209473,1.2355928421020508,1.1698131561279297,1.4408811330795288,9.835331201553345
1424,-0.6820603681030238,0.18394980882294476,0.0722314128652215,3.143478713241166e-05,1.99444640998081e-05,0.003924041659037008,0.0029369333353615958,0.4737258116072205,0.5160719935023668,0.3325148527510464,0.3041356299072504,1.0,1.2740886211395264,1.4450068473815918,1.444431185722351,1.2457398176193237,0.9977483749389648,1.496982455253601,1.2903409004211426,1.4450041055679321,1.4481909275054932,1.2357820272445679,1.1699854135513306,1.4411977529525757,10.373523950576782
1425,-0.727439326729501,0.1509599054697901,0.07387081580236554,3.492080764999628e-05,1.973047994852095e-05,0.005277918152729293,0.0027595013980274497,0.4713518912249736,0.5069023332396403,0.3337582510430366,0.3075480235274881,1.0,1.2743237018585205,1.4452697038650513,1.4446967840194702,1.2459323406219482,0.9977905750274658,1.4972975254058838,1.2905995845794678,1.4452669620513916,1.4484626054763794,1.235969066619873,1.1701558828353882,1.4415110349655151,10.33421516418457
1426,-0.7549642878886459,0.14085978991352022,0.06834824883844703,3.739071530617366e-05,1.960317675298029e-05,0.005421403078107782,0.002553733389302705,0.4652303448496129,0.4984090331890187,0.33758540218696,0.3090746847447008,1.0,1.274558424949646,1.4455316066741943,1.444961428642273,1.246124267578125,0.997832715511322,1.4976106882095337,1.2908575534820557,1.4455288648605347,1.4487332105636597,1.2361555099487305,1.1703259944915771,1.441823124885559,10.316929817199707
1427,-0.7568594822309871,0.1270997003884986,0.07346698455512524,3.176187756537274e-05,1.986152022936949e-05,0.0050377154904290115,0.002695055715039042,0.46114588117253036,0.5059043738359047,0.3355798691045493,0.3147767474874854,1.0,1.274794340133667,1.4457943439483643,1.445226788520813,1.24631667137146,0.9978750944137573,1.4979242086410522,1.2911162376403809,1.445791482925415,1.4490046501159668,1.2363425493240356,1.1704968214035034,1.4421354532241821,9.325672626495361
1428,-0.748866577418009,0.13959611591417342,0.07054033363237977,3.236257734329229e-05,1.971625806618249e-05,0.00592361303642987,0.0024772735134276852,0.46674729526428127,0.5002185696768092,0.33411333872936666,0.31496116518974304,1.0,1.2750294208526611,1.4460558891296387,1.4454909563064575,1.2465084791183472,0.9979174733161926,1.4982362985610962,1.2913740873336792,1.446053147315979,1.449275016784668,1.2365288734436035,1.1706671714782715,1.442445993423462,10.014307022094727
1429,-0.8010020651975713,0.11514423717744648,0.06751685321796685,3.827365284791995e-05,1.97017649981035e-05,0.007245297307990117,0.002235919787727443,0.46350855389312823,0.4953645206741807,0.3355429929215461,0.30896068876609206,1.0,1.275269865989685,1.4463218450546265,1.4457594156265259,1.2467035055160522,0.9979605674743652,1.4985531568527222,1.2916364669799805,1.4463191032409668,1.449549913406372,1.2367182970046997,1.170840859413147,1.442761778831482,9.91757583618164
1430,-0.7407369437458716,0.16520521836355329,0.06993513740599155,2.958959250065618e-05,1.920184953974058e-05,0.003730431477416592,0.0024864525612543,0.46803471047031586,0.5027875376867487,0.3288903657812625,0.3071020075585693,1.0,1.2755048274993896,1.4465826749801636,1.446022868156433,1.2468947172164917,0.9980028867721558,1.498863935470581,1.291893720626831,1.446579933166504,1.4498194456100464,1.236904263496399,1.1710113286972046,1.4430714845657349,9.130223035812378
1431,-0.7357388565296425,0.1588227665051818,0.0744478710112162,2.956011523735924e-05,1.9384129345212386e-05,0.004694317923289424,0.002580012726345864,0.46851434955842924,0.5002533774264755,0.3323801336809993,0.31083805742673576,1.0,1.2757362127304077,1.4468401670455933,1.4462827444076538,1.2470836639404297,0.9980447292327881,1.4991705417633057,1.2921476364135742,1.4468374252319336,1.4500855207443237,1.237087607383728,1.1711797714233398,1.443376898765564,9.763621091842651
1432,-0.8116506992393862,0.12074150168336928,0.07035214459756389,3.1504026196671475e-05,1.9733389848397564e-05,0.004896789879814394,0.0024489204542318607,0.4656294100377969,0.49757551534412203,0.32742995163425803,0.30681380932219326,1.0,1.2759712934494019,1.4471005201339722,1.4465458393096924,1.2472747564315796,0.9980871081352234,1.499481201171875,1.2924046516418457,1.4470977783203125,1.450354814529419,1.2372732162475586,1.1713504791259766,1.4436861276626587,10.27402639389038
1433,-0.8106349689354305,0.10494438419118524,0.06903796244296245,3.290592306370854e-05,1.9441037693468388e-05,0.004580900802814658,0.0022124705040621087,0.46653024846520186,0.49743177587331794,0.33688822016119957,0.3127204361371696,1.0,1.2762141227722168,1.4473679065704346,1.446815848350525,1.2474709749221802,0.9981306195259094,1.4997992515563965,1.292668342590332,1.447365164756775,1.450631022453308,1.2374638319015503,1.1715259552001953,1.4440028667449951,11.01820969581604
1434,-0.7324390806309294,0.17190641921479255,0.0718137658550404,3.220155853966844e-05,2.030502646732657e-05,0.00413767108678148,0.002356453945278627,0.46026554223870464,0.497799587708467,0.33391288691200316,0.31296998518519104,1.0,1.276450514793396,1.4476290941238403,1.4470797777175903,1.2476627826690674,0.9981732964515686,1.5001097917556763,1.29292631149292,1.4476263523101807,1.4509011507034302,1.2376501560211182,1.1716978549957275,1.4443122148513794,10.328871011734009
1435,-0.7441817095253136,0.15970891283359379,0.07039385935058817,3.227383133719286e-05,1.962165936220117e-05,0.004669206552371919,0.0023921806347978443,0.4685096546992208,0.5000273694826838,0.3314425442367792,0.3120055019389838,1.0,1.2766826152801514,1.447886347770691,1.447339415550232,1.2478517293930054,0.9982153177261353,1.500415563583374,1.2931801080703735,1.4478836059570312,1.4511669874191284,1.2378334999084473,1.1718668937683105,1.4446165561676025,11.095383405685425
1436,-0.8310104109039832,0.10500646650325507,0.06628138566156849,3.4152694723843524e-05,2.0041272946969002e-05,0.005598046858992146,0.002365608199817306,0.4651645831091963,0.49427814866788566,0.33330399892292917,0.30961137544363737,1.0,1.2769218683242798,1.4481496810913086,1.4476053714752197,1.2480450868606567,0.9982584118843079,1.5007283687591553,1.2934402227401733,1.448146939277649,1.4514390230178833,1.2380213737487793,1.1720404624938965,1.4449280500411987,10.58106279373169
1437,-0.8565943027206536,0.09366178931668401,0.06439919583499432,3.091680312650169e-05,1.9224003338536022e-05,0.003930299556561649,0.002280191342657339,0.46647655294932144,0.4948221135966798,0.3339125085622072,0.3051228607073426,1.0,1.2771714925765991,1.4484221935272217,1.4478803873062134,1.248245358467102,0.9983029961585999,1.5010515451431274,1.293709635734558,1.448419451713562,1.4517205953598022,1.2382158041000366,1.1722205877304077,1.4452507495880127,10.255836009979248
1438,-0.7452813789183087,0.16964658594224602,0.07042394793825224,3.0073026081822718e-05,1.9603132557222125e-05,0.004266899709971712,0.00245381943111744,0.4671690264719402,0.49534333922041496,0.33472060738131404,0.3095037171151489,1.0,1.2774138450622559,1.4486879110336304,1.4481486082077026,1.2484406232833862,0.9983465671539307,1.5013666152954102,1.293972373008728,1.4486851692199707,1.4519951343536377,1.238405466079712,1.1723963022232056,1.4455653429031372,9.675400972366333
1439,-0.7589386202551115,0.1508190978784114,0.07337909980560653,3.060331189885801e-05,1.9489645794124044e-05,0.004922125315173705,0.002249408309873271,0.46583756887150907,0.4936547032936438,0.3368603326380253,0.3148998145479709,1.0,1.2776525020599365,1.4489502906799316,1.4484134912490845,1.2486333847045898,0.9983895421028137,1.50167715549469,1.2942315340042114,1.4489474296569824,1.4522663354873657,1.2385926246643066,1.1725701093673706,1.4458754062652588,9.900758504867554
1440,-0.8049830901611555,0.12149514770135283,0.06894294687663205,3.0718186636136124e-05,1.9575214082578896e-05,0.0035178136483157685,0.002189921755578633,0.46313330559395716,0.4991403286546481,0.3327833388466388,0.3172475032042712,1.0,1.2778935432434082,1.4492144584655762,1.4486802816390991,1.2488276958465576,0.9984329342842102,1.5019898414611816,1.2944927215576172,1.4492117166519165,1.452539324760437,1.238781213760376,1.1727451086044312,1.446186900138855,9.916491985321045
1441,-0.8474440291874006,0.10270219424273819,0.0661950429494027,3.2443190875142136e-05,1.958841883720197e-05,0.0034113014592713257,0.0023537616271706065,0.4673006471042546,0.49337228314052795,0.3307182991411537,0.3111675609834492,1.0,1.278140902519226,1.4494842290878296,1.448952555656433,1.2490261793136597,0.9984772801399231,1.5023093223571777,1.2947595119476318,1.4494813680648804,1.4528181552886963,1.2389737367630005,1.1729241609573364,1.446504831314087,9.109489917755127
1442,-0.7559529846547604,0.16219600476324558,0.06798950280062854,3.2852962192464474e-05,1.9434413232488623e-05,0.00422078906335871,0.0023492954179653988,0.46770625746835764,0.5004869020381711,0.33529960038140416,0.3095123784150928,1.0,1.2783827781677246,1.4497489929199219,1.4492199420928955,1.2492209672927856,0.9985208511352539,1.5026224851608276,1.295021414756775,1.4497462511062622,1.4530917406082153,1.239162802696228,1.1730998754501343,1.4468169212341309,9.838871955871582
1443,-0.786850461552091,0.1457763094222173,0.06855864904355258,3.206640629116464e-05,1.9808032618584548e-05,0.005102204766006536,0.0022395324325868897,0.46058945191743217,0.4979499489632433,0.33585834805853665,0.3088519098237157,1.0,1.2786221504211426,1.4500114917755127,1.449484944343567,1.249414086341858,0.9985640048980713,1.5029326677322388,1.295280933380127,1.450008749961853,1.4533631801605225,1.2393503189086914,1.1732739210128784,1.4471262693405151,9.813725471496582
1444,-0.8318504261525697,0.11503603681921959,0.0675525464466773,3.099493906688622e-05,1.9535306222451254e-05,0.004486843463445865,0.002239911841817291,0.4638459517290448,0.4925354918379689,0.33460004488006234,0.3114523757249117,1.0,1.2788646221160889,1.4502766132354736,1.4497525691986084,1.2496092319488525,0.9986076951026917,1.5032458305358887,1.2955433130264282,1.450273871421814,1.4536372423171997,1.239539623260498,1.173450231552124,1.4474384784698486,9.309869766235352
1445,-0.8436512691155966,0.10602532525081187,0.06590159263578244,2.9348609643875534e-05,1.9269114389430797e-05,0.0034841843734522864,0.0023092737883880347,0.46148522111706736,0.491517875987549,0.33409799193032086,0.3180425767786801,1.0,1.2791131734848022,1.4505470991134644,1.4500254392623901,1.2498083114624023,0.9986523389816284,1.5035649538040161,1.2958109378814697,1.4505443572998047,1.4539167881011963,1.2397328615188599,1.1736303567886353,1.4477561712265015,9.74526333808899
1446,-0.7732630304042982,0.15160335425753146,0.07096789812203497,3.0493013468912977e-05,1.944056675995398e-05,0.003697346824884961,0.002211195853656945,0.46715247445723684,0.4905705155744543,0.3398615359328687,0.3130195785779506,1.0,1.2793569564819336,1.4508132934570312,1.4502941370010376,1.2500041723251343,0.9986962676048279,1.5038782358169556,1.2960742712020874,1.450810432434082,1.45419180393219,1.2399230003356934,1.1738078594207764,1.4480684995651245,11.097896337509155
1447,-0.8081021551168611,0.1306643954012543,0.06284629614674486,3.053136826736136e-05,1.9486505081545147e-05,0.0037909580134335204,0.002203513691823591,0.46617714201050653,0.4927793662416872,0.3384186739567667,0.31713448371738195,1.0,1.279599905014038,1.4510784149169922,1.450561761856079,1.250199556350708,0.9987399578094482,1.5041900873184204,1.2963368892669678,1.4510756731033325,1.4544659852981567,1.2401124238967896,1.1739850044250488,1.4483792781829834,11.220746278762817
1448,-0.8063899545572131,0.12708412285428494,0.0663532231701538,3.0486087609915558e-05,1.9157258194013593e-05,0.0032100659426982435,0.0022514318963357755,0.4659934567809003,0.49735158729793655,0.33675397792831063,0.3187536511104554,1.0,1.279842734336853,1.4513431787490845,1.450829029083252,1.250394582748413,0.9987837076187134,1.504501223564148,1.2965991497039795,1.4513404369354248,1.4547396898269653,1.2403017282485962,1.1741617918014526,1.4486889839172363,10.148119688034058
1449,-0.8466403757490681,0.11687458818778396,0.06425480014877394,3.359607468667036e-05,1.9126658003187913e-05,0.0036350627494325227,0.0023044645298882986,0.4634163999773036,0.4950234820919882,0.3349866666831076,0.30757234804332256,1.0,1.280087947845459,1.4516103267669678,1.4510985612869263,1.2505913972854614,0.9988278746604919,1.5048147439956665,1.2968636751174927,1.451607584953308,1.455015778541565,1.240492582321167,1.174340009689331,1.4490015506744385,9.913145780563354
1450,-0.81276743314649,0.13214422517921776,0.06840596662368625,3.317681630221614e-05,1.9213522904237834e-05,0.003913346605435601,0.0022098465480451675,0.4624665718963819,0.49287761558867943,0.3362169705796987,0.315640325890854,1.0,1.2803316116333008,1.4518756866455078,1.4513664245605469,1.2507869005203247,0.9988718032836914,1.5051261186599731,1.2971265316009521,1.4518729448318481,1.4552899599075317,1.2406822443008423,1.1745173931121826,1.4493119716644287,40.08053374290466
1451,-0.8443658346573213,0.11924796318635345,0.06547906744526699,3.2677637321398834e-05,1.948525817851987e-05,0.003881300795759343,0.0022252884782369797,0.45252026682858626,0.49394753321619145,0.3381473892368376,0.31306596868671477,1.0,1.2805770635604858,1.4521427154541016,1.4516359567642212,1.250983715057373,0.9989160895347595,1.5054389238357544,1.2973911762237549,1.452139973640442,1.455566167831421,1.2408732175827026,1.1746958494186401,1.449623942375183,9.819876909255981
1452,-0.8191697134033916,0.12973689276259392,0.06785424321424216,3.055510102001335e-05,1.9615112933024648e-05,0.00349280316054693,0.002247458492142524,0.4619350500138087,0.49215315090940753,0.33747856388799846,0.3164213029667735,1.0,1.2808215618133545,1.4524085521697998,1.451904296875,1.2511796951293945,0.9989602565765381,1.5057501792907715,1.2976545095443726,1.4524058103561401,1.4558409452438354,1.2410633563995361,1.1748738288879395,1.4499343633651733,9.080592632293701
1453,-0.838733112783457,0.11910196428652853,0.06666664883960038,2.9787683942572585e-05,1.9932722025828298e-05,0.0034387260010201983,0.0022259692289119063,0.4634642582400577,0.4860583030771975,0.3402465854305774,0.31567279645241797,1.0,1.2810680866241455,1.4526762962341309,1.4521745443344116,1.2513771057128906,0.9990047812461853,1.5060629844665527,1.297919750213623,1.4526735544204712,1.4561177492141724,1.2412548065185547,1.1750534772872925,1.4502465724945068,9.769455671310425
1454,-0.8301951867857914,0.1301632656250149,0.0670703838695772,2.9611008429242247e-05,1.9787545255667283e-05,0.003613854320054999,0.002101915988560904,0.45613765727203603,0.4913546032739834,0.34083132329396904,0.3127635535784066,1.0,1.281313419342041,1.452942967414856,1.4524437189102173,1.2515736818313599,0.999049186706543,1.5063738822937012,1.2981839179992676,1.4529401063919067,1.4563934803009033,1.241445541381836,1.1752325296401978,1.4505573511123657,9.782642126083374
1455,-0.8549748262481751,0.11345630686264485,0.06270428659627214,2.9829347681697982e-05,1.9264157344878186e-05,0.003408293238964426,0.002058071242615116,0.4673385071144248,0.49067302358789966,0.3374105931725353,0.3122728269081563,1.0,1.281561255455017,1.453211784362793,1.4527149200439453,1.2517720460891724,0.9990938901901245,1.5066871643066406,1.2984503507614136,1.4532090425491333,1.4566714763641357,1.241637945175171,1.1754133701324463,1.4508706331253052,9.269898414611816
1456,-0.8420214374121926,0.13185697549488395,0.06576019752537832,3.046718160248929e-05,1.9124933373859676e-05,0.0032917052094832717,0.0022249168890877526,0.46532840857752433,0.48894494555085516,0.33604912203736603,0.3087400577496737,1.0,1.2818074226379395,1.4534788131713867,1.4529844522476196,1.2519690990447998,0.999138355255127,1.5069983005523682,1.2987151145935059,1.453476071357727,1.4569475650787354,1.2418289184570312,1.1755930185317993,1.4511821269989014,9.481351613998413
1457,-0.8391960420613682,0.12393553031142801,0.06292651791591197,3.289417924179361e-05,1.9048516875841415e-05,0.003704630610105632,0.0022625525803194866,0.4574040636851823,0.49536921936542394,0.3425209065899253,0.31440859055146575,1.0,1.2820543050765991,1.4537466764450073,1.4532548189163208,1.2521666288375854,0.9991829991340637,1.5073097944259644,1.298980712890625,1.4537439346313477,1.4572246074676514,1.242020606994629,1.1757731437683105,1.4514944553375244,9.712432146072388
1458,-0.8490749687716893,0.12060022121295333,0.06718622014159337,3.1668863059053365e-05,1.913020714994218e-05,0.003532584231445056,0.0021029020267402526,0.45632143948914805,0.49337041836964596,0.3378547444008291,0.31515027373097837,1.0,1.2823015451431274,1.4540146589279175,1.453525424003601,1.2523645162582397,0.9992276430130005,1.507621169090271,1.2992465496063232,1.4540119171142578,1.4575018882751465,1.2422124147415161,1.1759533882141113,1.4518064260482788,9.468609094619751
1459,-0.8663258827049701,0.11069815652444959,0.06455069169169292,3.140678805380048e-05,1.9156268933784304e-05,0.003381286635778859,0.002175836185842821,0.4582518284398813,0.4932963101030919,0.33915750426240265,0.3127386150881648,1.0,1.2825524806976318,1.4542860984802246,1.4537993669509888,1.2525649070739746,0.9992730617523193,1.5079362392425537,1.299515724182129,1.454283356666565,1.4577826261520386,1.2424067258834839,1.1761358976364136,1.452122449874878,9.322026252746582
1460,-0.8358887083818537,0.13507861143443733,0.06597155740018934,3.135997361880527e-05,1.944159700428827e-05,0.0033453666759610027,0.00206190167998252,0.4582178607760203,0.49143354852836274,0.3370161873754114,0.3165273529011756,1.0,1.2828010320663452,1.4545551538467407,1.4540711641311646,1.2527635097503662,0.9993180632591248,1.5082486867904663,1.2997825145721436,1.454552412033081,1.4580609798431396,1.2425994873046875,1.1763169765472412,1.4524352550506592,9.793402671813965
1461,-0.8711778109080481,0.12057078594807535,0.06514744149171747,3.0068354533341335e-05,2.011772855325944e-05,0.003302182232147113,0.002087223947550024,0.45663898893031873,0.4901225026058056,0.33502136217430234,0.3117628584150225,1.0,1.283050537109375,1.4548254013061523,1.4543439149856567,1.2529630661010742,0.999363362789154,1.5085623264312744,1.3000504970550537,1.4548226594924927,1.4583404064178467,1.2427928447723389,1.1764990091323853,1.452749490737915,9.75823187828064
1462,-0.8544454322596007,0.1253063885960728,0.06547636637696996,2.8784077045429513e-05,1.9319246405302692e-05,0.0032207031819393946,0.002073998768373307,0.46215480354999877,0.48852413693578217,0.33501340937800705,0.31602664897218347,1.0,1.2832995653152466,1.4550949335098267,1.4546160697937012,1.253162145614624,0.999408483505249,1.5088753700256348,1.3003177642822266,1.455092191696167,1.4586193561553955,1.2429858446121216,1.1766806840896606,1.4530625343322754,9.032660484313965
1463,-0.8635141554948647,0.11312952381558716,0.06277686267276295,2.8568750963131606e-05,1.9629434206080987e-05,0.003129593138970264,0.002102241674149345,0.4600679609943921,0.49014194261081534,0.34135308652184904,0.316765982657671,1.0,1.2835512161254883,1.455366849899292,1.4548906087875366,1.253363013267517,0.9994540810585022,1.509190559387207,1.3005874156951904,1.4553641080856323,1.4589004516601562,1.2431806325912476,1.1768640279769897,1.4533779621124268,9.787344932556152
1464,-0.8519463949677148,0.1270352693973109,0.06529669734300114,3.049255431619713e-05,1.949159145908652e-05,0.00326252396717252,0.0021058000092506707,0.4616581032494289,0.4918615702508521,0.3350125481374562,0.3159744911827147,1.0,1.283801555633545,1.4556375741958618,1.455163836479187,1.2535630464553833,0.9994994401931763,1.5095044374465942,1.3008559942245483,1.4556348323822021,1.4591805934906006,1.2433745861053467,1.1770466566085815,1.4536917209625244,9.797208547592163
1465,-0.8901552909228655,0.11321199266240001,0.06157528923358768,3.104328185088434e-05,2.017886286864723e-05,0.0034874281267168357,0.0022617489137247244,0.45492080818042424,0.4901177621378449,0.33957317285239697,0.3076487418729812,1.0,1.284053921699524,1.4559099674224854,1.4554388523101807,1.253764271736145,0.9995452761650085,1.5098202228546143,1.3011263608932495,1.4559072256088257,1.4594624042510986,1.2435698509216309,1.1772305965423584,1.4540079832077026,9.208298206329346
1466,-0.8642151389848944,0.12635852198582143,0.06442421831889078,3.092505778568011e-05,1.953297226009454e-05,0.003273223101260044,0.0021500634066556816,0.4587212035086364,0.49002122670671916,0.33913920796476305,0.31004407862201333,1.0,1.284305453300476,1.4561816453933716,1.4557130336761475,1.253965139389038,0.9995908737182617,1.5101345777511597,1.301396131515503,1.456178903579712,1.4597433805465698,1.2437645196914673,1.177414059638977,1.4543235301971436,9.660716533660889
1467,-0.8865026340728192,0.11068053147755563,0.06214458591421135,2.9942177377506596e-05,1.959594528955222e-05,0.0032318197054311943,0.002089963847137839,0.454382947820605,0.49328742549876825,0.34014667687006295,0.3114644633606076,1.0,1.2845600843429565,1.4564563035964966,1.455990195274353,1.2541680335998535,0.9996371269226074,1.5104520320892334,1.301668643951416,1.456453561782837,1.4600273370742798,1.2439613342285156,1.1775994300842285,1.4546422958374023,10.085105419158936
1468,-0.8608318820731685,0.13071601989213377,0.06121772952610627,3.067154599989408e-05,1.958317328387693e-05,0.0031248728306961216,0.0021022249402938486,0.45486779379791126,0.4930020243311727,0.3400507273618132,0.314407532569021,1.0,1.2848128080368042,1.4567289352416992,1.4562653303146362,1.2543696165084839,0.9996830224990845,1.510766863822937,1.3019393682479858,1.45672607421875,1.4603092670440674,1.2441567182540894,1.1777833700180054,1.4549586772918701,9.475891351699829
1469,-0.8984059571514422,0.11844807723537087,0.06185203819768503,3.0097151693553315e-05,1.9705770640143783e-05,0.0031725801863669552,0.0021595792371428123,0.4543806937607029,0.48568131982036855,0.3339086512569338,0.31274182396009564,1.0,1.2850662469863892,1.4570025205612183,1.4565414190292358,1.2545719146728516,0.9997292160987854,1.5110831260681152,1.3022111654281616,1.4569997787475586,1.4605921506881714,1.2443528175354004,1.1779682636260986,1.4552761316299438,9.45833134651184
1470,-0.8824879406459899,0.12090274563524872,0.06430729097337462,3.123288932727064e-05,1.972925494442279e-05,0.0032684289534839466,0.002053249376769978,0.45673356368198786,0.4905078836831741,0.33753902092576027,0.3104452134575695,1.0,1.2853196859359741,1.4572758674621582,1.456817388534546,1.2547740936279297,0.9997754096984863,1.5113991498947144,1.3024826049804688,1.457273006439209,1.4608747959136963,1.2445489168167114,1.178153157234192,1.455593466758728,9.837300777435303
1471,-0.8985651846884971,0.11075197695754468,0.0649019475968089,3.0740066108592146e-05,1.9657263194972074e-05,0.0031337530131342545,0.0020879406595502594,0.45568230030075796,0.4890139435950217,0.3341897549107671,0.3144707528408617,1.0,1.2855761051177979,1.4575520753860474,1.4570960998535156,1.2549784183502197,0.9998220801353455,1.511718511581421,1.302756905555725,1.4575493335723877,1.46116042137146,1.2447470426559448,1.178339958190918,1.455913782119751,9.920400142669678
1472,-0.8745746019311874,0.12718047644011676,0.06454601648147218,3.142009821033298e-05,1.9912372110297838e-05,0.003183182609729598,0.0020245701941493197,0.4563708422908246,0.4871097601197707,0.33991662156768143,0.3142364944797009,1.0,1.2858312129974365,1.4578269720077515,1.4573736190795898,1.2551817893981934,0.9998685717582703,1.5120362043380737,1.3030297756195068,1.4578242301940918,1.4614447355270386,1.2449442148208618,1.1785261631011963,1.4562323093414307,9.121962785720825
1473,-0.8874967600296322,0.11041657428722829,0.0629182371776551,3.008154928352269e-05,1.9877688856695386e-05,0.003229521000921081,0.0021510794935192977,0.4564300368091777,0.4906022550612557,0.3425879280548543,0.31666134716942906,1.0,1.2860888242721558,1.4581043720245361,1.4576536417007446,1.2553870677947998,0.9999155402183533,1.5123560428619385,1.3033052682876587,1.4581016302108765,1.4617316722869873,1.245143175125122,1.1787139177322388,1.456553339958191,9.86552357673645
1474,-0.8759045905356156,0.12639106588903815,0.062426287709968165,2.9492669511910208e-05,1.9383044119081205e-05,0.0031677514997136393,0.002104021779494919,0.45762431407995025,0.48865995608820845,0.3379287680145353,0.31729412730783224,1.0,1.286345362663269,1.4583808183670044,1.457932472229004,1.2555915117263794,0.999962329864502,1.5126746892929077,1.3035796880722046,1.4583780765533447,1.4620174169540405,1.2453415393829346,1.178901195526123,1.4568727016448975,9.904977560043335
1475,-0.8793186848132802,0.11273119796533138,0.06412174002616666,2.9417214264526592e-05,1.9824037650550963e-05,0.00302907949887561,0.0020671723514833493,0.4569443174257856,0.4924783201938689,0.34481665724888444,0.3180022886954248,1.0,1.286604404449463,1.4586594104766846,1.4582136869430542,1.2557976245880127,1.000009536743164,1.5129948854446411,1.3038562536239624,1.458656668663025,1.4623056650161743,1.2455413341522217,1.1790897846221924,1.4571940898895264,9.189239263534546
1476,-0.8952015626858214,0.13171380071435124,0.0607118810294196,2.9384970460455406e-05,1.9249848492108868e-05,0.0030259550364842252,0.0020510921891004857,0.457709736461143,0.48372205847799155,0.3348628147505224,0.31237116106785834,1.0,1.2868609428405762,1.4589359760284424,1.4584928750991821,1.256002426147461,1.0000563859939575,1.5133131742477417,1.3041309118270874,1.4589331150054932,1.4625916481018066,1.2457399368286133,1.1792773008346558,1.4575133323669434,9.849934339523315
1477,-0.9135392545082832,0.11712006572633982,0.061271620681509376,2.9302701932465425e-05,1.929654337118336e-05,0.0031264764883136287,0.001991666090618542,0.4561517133768269,0.49084510731591424,0.3317636479623616,0.3119222621899098,1.0,1.287118911743164,1.4592138528823853,1.4587734937667847,1.2562083005905151,1.0001035928726196,1.5136334896087646,1.304407000541687,1.4592111110687256,1.4628790616989136,1.2459393739700317,1.1794657707214355,1.457834005355835,9.819576263427734
1478,-0.8887894527163186,0.12223570956848562,0.06132041013916023,3.052267635439421e-05,1.9471885408961498e-05,0.003156425449113766,0.002126378927370278,0.45402705648196323,0.488156622402882,0.34490761952474713,0.3138280618004501,1.0,1.287376046180725,1.4594910144805908,1.4590531587600708,1.2564133405685425,1.0001505613327026,1.5139522552490234,1.3046822547912598,1.4594881534576416,1.4631657600402832,1.246138334274292,1.1796537637710571,1.4581539630889893,9.383965730667114
1479,-0.9053680683923025,0.1140556912869215,0.06237720852368511,3.038112350850497e-05,1.95667314955017e-05,0.003163705002880937,0.0020850831761908438,0.4541330122714157,0.48845153892986654,0.33665325469337404,0.318038766970858,1.0,1.2876352071762085,1.4597700834274292,1.4593347311019897,1.256619930267334,1.0001980066299438,1.5142730474472046,1.3049594163894653,1.4597671031951904,1.4634543657302856,1.2463386058807373,1.1798430681228638,1.4584752321243286,9.578991174697876
1480,-0.8908192595776221,0.11839170637540519,0.06515326196677051,3.111918938714098e-05,1.9601923369805263e-05,0.0031716205777330324,0.00201201352071267,0.45452882240320275,0.4924053974099116,0.34150013281032443,0.3152352061588317,1.0,1.287894368171692,1.460048794746399,1.4596163034439087,1.2568265199661255,1.000245451927185,1.5145933628082275,1.3052364587783813,1.4600460529327393,1.463742733001709,1.2465389966964722,1.1800321340560913,1.4587963819503784,9.871086120605469
1481,-0.9301221390434399,0.10824865533504635,0.061662911728490144,2.9762010683498374e-05,1.9443011510134056e-05,0.003099953978553208,0.0020758693272048654,0.45418251883604005,0.48614495121930845,0.3340346657205373,0.31439664983190596,1.0,1.2881560325622559,1.4603301286697388,1.459900140762329,1.2570350170135498,1.0002933740615845,1.5149168968200684,1.3055156469345093,1.460327386856079,1.464033842086792,1.2467410564422607,1.180222988128662,1.4591201543807983,9.661926746368408
1482,-0.9137379893629868,0.1212127567268908,0.06180448367376812,2.9972830887459168e-05,1.9730907567350187e-05,0.0031331321606201954,0.0021208373239266923,0.4568830194913459,0.48277661626519475,0.33687050151638687,0.31274108681827784,1.0,1.288416862487793,1.4606105089187622,1.4601831436157227,1.2572425603866577,1.0003411769866943,1.5152392387390137,1.3057941198349,1.4606077671051025,1.46432363986969,1.246942400932312,1.1804136037826538,1.4594428539276123,9.1605064868927
1483,-0.9294146565773418,0.10571725596673787,0.06242541942629032,2.950244164878768e-05,1.9719151325148232e-05,0.0031164778875843744,0.0020533156242914883,0.4518774442529004,0.4911779166576184,0.3356330848764628,0.3144130522850901,1.0,1.2886806726455688,1.4608933925628662,1.4604686498641968,1.257452368736267,1.0003893375396729,1.5155647993087769,1.3060752153396606,1.4608906507492065,1.4646165370941162,1.2471457719802856,1.1806058883666992,1.4597684144973755,9.973682641983032
1484,-0.9102543010312604,0.12420203525107354,0.06370864491327666,2.9576542843301468e-05,2.029819421522916e-05,0.0029797752845300857,0.0021094535857503257,0.4515921483292187,0.4863235286944276,0.3361620670184493,0.3155106024350971,1.0,1.2889430522918701,1.4611752033233643,1.4607529640197754,1.2576611042022705,1.0004374980926514,1.5158888101577759,1.3063548803329468,1.4611724615097046,1.4649078845977783,1.2473481893539429,1.1807974576950073,1.4600924253463745,9.880989074707031
1485,-0.9189031914554963,0.10974208696279675,0.06229411653475836,2.925223674310473e-05,1.925068869468305e-05,0.003032764683842374,0.0020546359669223056,0.45442577586756916,0.49321234712534584,0.3396127801388502,0.3138047428801656,1.0,1.2892073392868042,1.4614588022232056,1.4610393047332764,1.257871389389038,1.000485897064209,1.5162149667739868,1.3066365718841553,1.461456060409546,1.4652011394500732,1.2475520372390747,1.1809900999069214,1.4604183435440063,9.086665868759155
1486,-0.9091000303510619,0.12087693554349244,0.061771531793056056,3.0061353243127087e-05,1.9862790821889575e-05,0.003068453454162304,0.002115274835182414,0.4520394878526043,0.48735788739560276,0.3446566278580576,0.31305156368762255,1.0,1.289470911026001,1.4617416858673096,1.461324691772461,1.258081078529358,1.0005342960357666,1.5165393352508545,1.306917428970337,1.46173894405365,1.4654937982559204,1.2477554082870483,1.1811822652816772,1.4607436656951904,9.927907228469849
1487,-0.9431141072148882,0.10711850773077458,0.06238669963204302,2.9922522813308206e-05,1.9777295221956592e-05,0.0030927235014556803,0.0020338102219459283,0.44990665514637496,0.4868252197286867,0.339703313075006,0.31044714571908116,1.0,1.2897377014160156,1.462027668952942,1.4616130590438843,1.2582930326461792,1.000583291053772,1.5168668031692505,1.3072011470794678,1.4620246887207031,1.465789556503296,1.2479609251022339,1.181376576423645,1.4610724449157715,9.940735578536987
1488,-0.9158995684739045,0.12543692684266716,0.060812838113633916,3.019503330392581e-05,1.9973971276954217e-05,0.0031892189281230855,0.0020867496905308163,0.4546491759781464,0.48603968888250537,0.33784415596164763,0.3157706200145185,1.0,1.2900022268295288,1.4623113870620728,1.4618993997573853,1.2585034370422363,1.0006319284439087,1.5171918869018555,1.3074829578399658,1.4623085260391235,1.466083288192749,1.2481650114059448,1.1815696954727173,1.461398720741272,10.448937892913818
1489,-0.9350577190443569,0.11493600625544786,0.0615940633288119,3.013643717508785e-05,1.993604780636815e-05,0.003110235747651138,0.0021153661037687094,0.450309804859264,0.4853271614075849,0.3399462557863444,0.3142874576151371,1.0,1.2902673482894897,1.462595820426941,1.4621864557266235,1.2587143182754517,1.000680685043335,1.5175175666809082,1.307765245437622,1.4625929594039917,1.46637761592865,1.2483694553375244,1.1817632913589478,1.4617253541946411,10.58243465423584
1490,-0.9273816499549676,0.11684487701859325,0.061441151396138594,2.9850247997842416e-05,1.9660886849237613e-05,0.003073133364782701,0.002146123174108127,0.4526536184198162,0.4911392455613189,0.33860727096907794,0.31335405027493834,1.0,1.2905323505401611,1.4628801345825195,1.4624735116958618,1.2589253187179565,1.0007295608520508,1.5178428888320923,1.3080476522445679,1.4628772735595703,1.4666718244552612,1.2485740184783936,1.1819567680358887,1.4620519876480103,10.953450918197632
1491,-0.9493335332979067,0.10397681419271976,0.06133004039293155,2.8629248276956787e-05,1.9241850111484382e-05,0.0030859013612753224,0.0020732631981628127,0.45254836046352914,0.4873750474224935,0.33982603740878403,0.3127361664082855,1.0,1.2908010482788086,1.4631677865982056,1.462763786315918,1.2591387033462524,1.0007789134979248,1.5181719064712524,1.3083332777023315,1.4631649255752563,1.4669694900512695,1.2487809658050537,1.182152509689331,1.462382435798645,10.048794984817505
1492,-0.9200234122582761,0.12753855192568153,0.062288148095831275,3.100140689582531e-05,1.921887721323401e-05,0.003126164809913523,0.002059448145696686,0.45143556679601377,0.48251390589320714,0.34218340483494103,0.3151810932904482,1.0,1.2910670042037964,1.4634530544281006,1.463051676750183,1.259350299835205,1.0008280277252197,1.5184977054595947,1.3086165189743042,1.463450312614441,1.4672647714614868,1.2489862442016602,1.1823469400405884,1.4627100229263306,9.55576777458191
1493,-0.9385605362090909,0.1161814765073359,0.062191872944822535,3.038156009438353e-05,1.9481420949318817e-05,0.003132826609932192,0.0020581430531582123,0.452327832542856,0.488158921091966,0.3394401576370001,0.31192393880337477,1.0,1.2913331985473633,1.4637386798858643,1.4633398056030273,1.2595622539520264,1.0008771419525146,1.518823504447937,1.3088998794555664,1.4637356996536255,1.4675602912902832,1.2491917610168457,1.1825413703918457,1.4630378484725952,9.919808149337769
1494,-0.9474888712582804,0.11297616898082197,0.06247113973950036,2.876677649510384e-05,1.9538504758997988e-05,0.003071416028743072,0.0021013572004521244,0.448305432785338,0.4850936638280088,0.3402316407300532,0.312443409813568,1.0,1.2916001081466675,1.4640246629714966,1.4636285305023193,1.2597745656967163,1.0009263753890991,1.5191497802734375,1.3091837167739868,1.4640218019485474,1.4678562879562378,1.2493975162506104,1.1827365159988403,1.463366150856018,9.975690364837646
1495,-0.9582725234978344,0.10143389250151813,0.06094200734514743,2.8553916706641758e-05,1.9182326369104885e-05,0.0030824559273442396,0.002082111876111334,0.4471628733917699,0.4894177199795715,0.33898615138605237,0.3165901789907366,1.0,1.2918709516525269,1.4643144607543945,1.463921070098877,1.259989619255066,1.000976324081421,1.5194803476333618,1.3094714879989624,1.4643117189407349,1.468156337738037,1.2496062517166138,1.182934045791626,1.4636985063552856,10.096119403839111
1496,-0.9388863468721682,0.12624657421838492,0.06075769476592541,2.9584050494690928e-05,1.951694051172126e-05,0.003101346974534856,0.0020463243253926117,0.4506639375419614,0.48672763007345404,0.3388157840818167,0.3105709485244006,1.0,1.2921391725540161,1.464601755142212,1.4642109870910645,1.2602028846740723,1.0010260343551636,1.5198079347610474,1.3097566366195679,1.4645990133285522,1.4684536457061768,1.2498130798339844,1.1831297874450684,1.4640281200408936,9.513119459152222
1497,-0.9557841786988927,0.11377134663052857,0.05967773505835794,2.9113585625850646e-05,1.8809660730312316e-05,0.003055990994735499,0.002058374579809009,0.4429773547415566,0.4843110874409075,0.3400803920812905,0.31799290026538074,1.0,1.2924079895019531,1.4648897647857666,1.4645016193389893,1.2604167461395264,1.0010757446289062,1.5201361179351807,1.310042381286621,1.4648869037628174,1.4687516689300537,1.2500203847885132,1.1833263635635376,1.4643579721450806,10.447075366973877
1498,-0.9553484583124826,0.11204650334548205,0.06111655419226736,2.897246415045629e-05,1.9203294371550328e-05,0.0030021317042269245,0.00205402445357111,0.44825525178322323,0.4819969919761493,0.34143145801499486,0.31627305783331394,1.0,1.292677402496338,1.46517813205719,1.4647927284240723,1.2606309652328491,1.0011258125305176,1.5204644203186035,1.3103288412094116,1.4651752710342407,1.4690501689910889,1.2502280473709106,1.183523416519165,1.4646879434585571,10.3341703414917
1499,-0.9722615421840176,0.1033720166888088,0.06226327255717479,2.9949628000736084e-05,1.97002475346153e-05,0.0030452123176750476,0.0020219370068716895,0.4476156276344219,0.4843406666489458,0.33635061443783343,0.316813942277804,1.0,1.2929503917694092,1.4654700756072998,1.4650872945785522,1.2608476877212524,1.001176357269287,1.5207968950271606,1.3106184005737305,1.4654672145843506,1.4693523645401,1.2504383325576782,1.1837228536605835,1.4650214910507202,9.739051103591919
1500,-0.897256064420171,0.12304463051259518,0.061247280216775835,2.97414206755775e-05,2.004290550416954e-05,0.003046028775989103,0.0021406647538383715,0.4681257260439969,0.5044023709486054,0.3392762616276741,0.3202524189837277,1.0,1.2932209968566895,1.465759515762329,1.4653793573379517,1.2610626220703125,1.0012264251708984,1.5211265087127686,1.3109056949615479,1.4657566547393799,1.4696520566940308,1.2506468296051025,1.183919906616211,1.4653518199920654,0.0
